Temperature,Salinity,Conductivity,Static Permittivity,Relaxation Frequency
0,0.01,0.00152825,87.1308,9.00908e+09
0.01,0.01,0.00152844,87.1289,9.01216e+09
0.02,0.01,0.00152863,87.1269,9.01525e+09
0.03,0.01,0.00152882,87.125,9.01833e+09
0.04,0.01,0.00152901,87.123,9.02142e+09
0.05,0.01,0.0015292,87.121,9.02451e+09
0.06,0.01,0.00152939,87.1191,9.02759e+09
0.07,0.01,0.00152958,87.1171,9.03068e+09
0.08,0.01,0.00152977,87.1151,9.03377e+09
0.09,0.01,0.00152996,87.1132,9.03687e+09
0.1,0.01,0.00153014,87.1112,9.03996e+09
0.11,0.01,0.00153033,87.1092,9.04305e+09
0.12,0.01,0.00153052,87.1072,9.04615e+09
0.13,0.01,0.00153071,87.1053,9.04924e+09
0.14,0.01,0.0015309,87.1033,9.05234e+09
0.15,0.01,0.00153109,87.1013,9.05544e+09
0.16,0.01,0.00153128,87.0993,9.05854e+09
0.17,0.01,0.00153147,87.0973,9.06164e+09
0.18,0.01,0.00153166,87.0953,9.06474e+09
0.19,0.01,0.00153185,87.0933,9.06784e+09
0.2,0.01,0.00153204,87.0913,9.07094e+09
0.21,0.01,0.00153223,87.0893,9.07404e+09
0.22,0.01,0.00153242,87.0873,9.07715e+09
0.23,0.01,0.00153261,87.0853,9.08025e+09
0.24,0.01,0.0015328,87.0833,9.08336e+09
0.25,0.01,0.00153298,87.0813,9.08647e+09
0.26,0.01,0.00153317,87.0793,9.08958e+09
0.27,0.01,0.00153336,87.0773,9.09269e+09
0.28,0.01,0.00153355,87.0753,9.0958e+09
0.29,0.01,0.00153374,87.0732,9.09891e+09
0.3,0.01,0.00153393,87.0712,9.10202e+09
0.31,0.01,0.00153412,87.0692,9.10513e+09
0.32,0.01,0.00153431,87.0672,9.10825e+09
0.33,0.01,0.00153449,87.0651,9.11136e+09
0.34,0.01,0.00153468,87.0631,9.11448e+09
0.35,0.01,0.00153487,87.0611,9.1176e+09
0.36,0.01,0.00153506,87.059,9.12072e+09
0.37,0.01,0.00153525,87.057,9.12384e+09
0.38,0.01,0.00153544,87.0549,9.12696e+09
0.39,0.01,0.00153562,87.0529,9.13008e+09
0.4,0.01,0.00153581,87.0508,9.1332e+09
0.41,0.01,0.001536,87.0488,9.13633e+09
0.42,0.01,0.00153619,87.0467,9.13945e+09
0.43,0.01,0.00153638,87.0447,9.14258e+09
0.44,0.01,0.00153656,87.0426,9.1457e+09
0.45,0.01,0.00153675,87.0406,9.14883e+09
0.46,0.01,0.00153694,87.0385,9.15196e+09
0.47,0.01,0.00153713,87.0364,9.15509e+09
0.48,0.01,0.00153732,87.0344,9.15822e+09
0.49,0.01,0.0015375,87.0323,9.16135e+09
0.5,0.01,0.00153769,87.0302,9.16448e+09
0.51,0.01,0.00153788,87.0281,9.16762e+09
0.52,0.01,0.00153807,87.0261,9.17075e+09
0.53,0.01,0.00153825,87.024,9.17389e+09
0.54,0.01,0.00153844,87.0219,9.17702e+09
0.55,0.01,0.00153863,87.0198,9.18016e+09
0.56,0.01,0.00153882,87.0177,9.1833e+09
0.57,0.01,0.001539,87.0156,9.18644e+09
0.58,0.01,0.00153919,87.0135,9.18958e+09
0.59,0.01,0.00153938,87.0114,9.19272e+09
0.6,0.01,0.00153956,87.0093,9.19587e+09
0.61,0.01,0.00153975,87.0072,9.19901e+09
0.62,0.01,0.00153994,87.0051,9.20215e+09
0.63,0.01,0.00154013,87.003,9.2053e+09
0.64,0.01,0.00154031,87.0009,9.20845e+09
0.65,0.01,0.0015405,86.9988,9.21159e+09
0.66,0.01,0.00154069,86.9967,9.21474e+09
0.67,0.01,0.00154087,86.9946,9.21789e+09
0.68,0.01,0.00154106,86.9925,9.22104e+09
0.69,0.01,0.00154125,86.9904,9.2242e+09
0.7,0.01,0.00154143,86.9882,9.22735e+09
0.71,0.01,0.00154162,86.9861,9.2305e+09
0.72,0.01,0.00154181,86.984,9.23366e+09
0.73,0.01,0.00154199,86.9819,9.23681e+09
0.74,0.01,0.00154218,86.9797,9.23997e+09
0.75,0.01,0.00154236,86.9776,9.24313e+09
0.76,0.01,0.00154255,86.9754,9.24629e+09
0.77,0.01,0.00154274,86.9733,9.24945e+09
0.78,0.01,0.00154292,86.9712,9.25261e+09
0.79,0.01,0.00154311,86.969,9.25577e+09
0.8,0.01,0.0015433,86.9669,9.25893e+09
0.81,0.01,0.00154348,86.9647,9.26209e+09
0.82,0.01,0.00154367,86.9626,9.26526e+09
0.83,0.01,0.00154385,86.9604,9.26843e+09
0.84,0.01,0.00154404,86.9583,9.27159e+09
0.85,0.01,0.00154422,86.9561,9.27476e+09
0.86,0.01,0.00154441,86.9539,9.27793e+09
0.87,0.01,0.0015446,86.9518,9.2811e+09
0.88,0.01,0.00154478,86.9496,9.28427e+09
0.89,0.01,0.00154497,86.9474,9.28744e+09
0.9,0.01,0.00154515,86.9453,9.29061e+09
0.91,0.01,0.00154534,86.9431,9.29379e+09
0.92,0.01,0.00154552,86.9409,9.29696e+09
0.93,0.01,0.00154571,86.9387,9.30014e+09
0.94,0.01,0.00154589,86.9366,9.30332e+09
0.95,0.01,0.00154608,86.9344,9.30649e+09
0.96,0.01,0.00154626,86.9322,9.30967e+09
0.97,0.01,0.00154645,86.93,9.31285e+09
0.98,0.01,0.00154663,86.9278,9.31603e+09
0.99,0.01,0.00154682,86.9256,9.31922e+09
1,0.01,0.001547,86.9234,9.3224e+09
1.01,0.01,0.00154719,86.9212,9.32558e+09
1.02,0.01,0.00154737,86.919,9.32877e+09
1.03,0.01,0.00154756,86.9168,9.33195e+09
1.04,0.01,0.00154774,86.9146,9.33514e+09
1.05,0.01,0.00154793,86.9124,9.33833e+09
1.06,0.01,0.00154811,86.9102,9.34152e+09
1.07,0.01,0.0015483,86.908,9.34471e+09
1.08,0.01,0.00154848,86.9058,9.3479e+09
1.09,0.01,0.00154867,86.9036,9.35109e+09
1.1,0.01,0.00154885,86.9013,9.35428e+09
1.11,0.01,0.00154904,86.8991,9.35748e+09
1.12,0.01,0.00154922,86.8969,9.36067e+09
1.13,0.01,0.0015494,86.8947,9.36387e+09
1.14,0.01,0.00154959,86.8924,9.36707e+09
1.15,0.01,0.00154977,86.8902,9.37027e+09
1.16,0.01,0.00154996,86.888,9.37346e+09
1.17,0.01,0.00155014,86.8857,9.37666e+09
1.18,0.01,0.00155032,86.8835,9.37987e+09
1.19,0.01,0.00155051,86.8813,9.38307e+09
1.2,0.01,0.00155069,86.879,9.38627e+09
1.21,0.01,0.00155088,86.8768,9.38948e+09
1.22,0.01,0.00155106,86.8745,9.39268e+09
1.23,0.01,0.00155124,86.8723,9.39589e+09
1.24,0.01,0.00155143,86.87,9.39909e+09
1.25,0.01,0.00155161,86.8678,9.4023e+09
1.26,0.01,0.00155179,86.8655,9.40551e+09
1.27,0.01,0.00155198,86.8632,9.40872e+09
1.28,0.01,0.00155216,86.861,9.41193e+09
1.29,0.01,0.00155234,86.8587,9.41515e+09
1.3,0.01,0.00155253,86.8565,9.41836e+09
1.31,0.01,0.00155271,86.8542,9.42157e+09
1.32,0.01,0.00155289,86.8519,9.42479e+09
1.33,0.01,0.00155308,86.8496,9.428e+09
1.34,0.01,0.00155326,86.8474,9.43122e+09
1.35,0.01,0.00155344,86.8451,9.43444e+09
1.36,0.01,0.00155363,86.8428,9.43766e+09
1.37,0.01,0.00155381,86.8405,9.44088e+09
1.38,0.01,0.00155399,86.8382,9.4441e+09
1.39,0.01,0.00155418,86.8359,9.44732e+09
1.4,0.01,0.00155436,86.8337,9.45055e+09
1.41,0.01,0.00155454,86.8314,9.45377e+09
1.42,0.01,0.00155472,86.8291,9.457e+09
1.43,0.01,0.00155491,86.8268,9.46022e+09
1.44,0.01,0.00155509,86.8245,9.46345e+09
1.45,0.01,0.00155527,86.8222,9.46668e+09
1.46,0.01,0.00155545,86.8199,9.46991e+09
1.47,0.01,0.00155564,86.8176,9.47314e+09
1.48,0.01,0.00155582,86.8153,9.47637e+09
1.49,0.01,0.001556,86.8129,9.4796e+09
1.5,0.01,0.00155618,86.8106,9.48284e+09
1.51,0.01,0.00155636,86.8083,9.48607e+09
1.52,0.01,0.00155655,86.806,9.48931e+09
1.53,0.01,0.00155673,86.8037,9.49254e+09
1.54,0.01,0.00155691,86.8014,9.49578e+09
1.55,0.01,0.00155709,86.799,9.49902e+09
1.56,0.01,0.00155727,86.7967,9.50226e+09
1.57,0.01,0.00155746,86.7944,9.5055e+09
1.58,0.01,0.00155764,86.792,9.50874e+09
1.59,0.01,0.00155782,86.7897,9.51199e+09
1.6,0.01,0.001558,86.7874,9.51523e+09
1.61,0.01,0.00155818,86.785,9.51847e+09
1.62,0.01,0.00155836,86.7827,9.52172e+09
1.63,0.01,0.00155855,86.7803,9.52497e+09
1.64,0.01,0.00155873,86.778,9.52821e+09
1.65,0.01,0.00155891,86.7756,9.53146e+09
1.66,0.01,0.00155909,86.7733,9.53471e+09
1.67,0.01,0.00155927,86.7709,9.53796e+09
1.68,0.01,0.00155945,86.7686,9.54122e+09
1.69,0.01,0.00155963,86.7662,9.54447e+09
1.7,0.01,0.00155982,86.7639,9.54772e+09
1.71,0.01,0.00156,86.7615,9.55098e+09
1.72,0.01,0.00156018,86.7591,9.55423e+09
1.73,0.01,0.00156036,86.7568,9.55749e+09
1.74,0.01,0.00156054,86.7544,9.56075e+09
1.75,0.01,0.00156072,86.752,9.56401e+09
1.76,0.01,0.0015609,86.7497,9.56727e+09
1.77,0.01,0.00156108,86.7473,9.57053e+09
1.78,0.01,0.00156126,86.7449,9.57379e+09
1.79,0.01,0.00156144,86.7425,9.57705e+09
1.8,0.01,0.00156162,86.7401,9.58032e+09
1.81,0.01,0.0015618,86.7378,9.58358e+09
1.82,0.01,0.00156198,86.7354,9.58685e+09
1.83,0.01,0.00156216,86.733,9.59012e+09
1.84,0.01,0.00156234,86.7306,9.59338e+09
1.85,0.01,0.00156253,86.7282,9.59665e+09
1.86,0.01,0.00156271,86.7258,9.59992e+09
1.87,0.01,0.00156289,86.7234,9.60319e+09
1.88,0.01,0.00156307,86.721,9.60647e+09
1.89,0.01,0.00156325,86.7186,9.60974e+09
1.9,0.01,0.00156343,86.7162,9.61301e+09
1.91,0.01,0.00156361,86.7138,9.61629e+09
1.92,0.01,0.00156379,86.7114,9.61956e+09
1.93,0.01,0.00156397,86.709,9.62284e+09
1.94,0.01,0.00156414,86.7065,9.62612e+09
1.95,0.01,0.00156432,86.7041,9.6294e+09
1.96,0.01,0.0015645,86.7017,9.63268e+09
1.97,0.01,0.00156468,86.6993,9.63596e+09
1.98,0.01,0.00156486,86.6969,9.63924e+09
1.99,0.01,0.00156504,86.6944,9.64253e+09
2,0.01,0.00156522,86.692,9.64581e+09
2.01,0.01,0.0015654,86.6896,9.6491e+09
2.02,0.01,0.00156558,86.6871,9.65238e+09
2.03,0.01,0.00156576,86.6847,9.65567e+09
2.04,0.01,0.00156594,86.6823,9.65896e+09
2.05,0.01,0.00156612,86.6798,9.66225e+09
2.06,0.01,0.0015663,86.6774,9.66554e+09
2.07,0.01,0.00156648,86.675,9.66883e+09
2.08,0.01,0.00156666,86.6725,9.67212e+09
2.09,0.01,0.00156683,86.6701,9.67542e+09
2.1,0.01,0.00156701,86.6676,9.67871e+09
2.11,0.01,0.00156719,86.6652,9.68201e+09
2.12,0.01,0.00156737,86.6627,9.6853e+09
2.13,0.01,0.00156755,86.6602,9.6886e+09
2.14,0.01,0.00156773,86.6578,9.6919e+09
2.15,0.01,0.00156791,86.6553,9.6952e+09
2.16,0.01,0.00156809,86.6529,9.6985e+09
2.17,0.01,0.00156826,86.6504,9.7018e+09
2.18,0.01,0.00156844,86.6479,9.7051e+09
2.19,0.01,0.00156862,86.6455,9.70841e+09
2.2,0.01,0.0015688,86.643,9.71171e+09
2.21,0.01,0.00156898,86.6405,9.71502e+09
2.22,0.01,0.00156916,86.638,9.71832e+09
2.23,0.01,0.00156933,86.6355,9.72163e+09
2.24,0.01,0.00156951,86.6331,9.72494e+09
2.25,0.01,0.00156969,86.6306,9.72825e+09
2.26,0.01,0.00156987,86.6281,9.73156e+09
2.27,0.01,0.00157005,86.6256,9.73487e+09
2.28,0.01,0.00157022,86.6231,9.73819e+09
2.29,0.01,0.0015704,86.6206,9.7415e+09
2.3,0.01,0.00157058,86.6181,9.74482e+09
2.31,0.01,0.00157076,86.6156,9.74813e+09
2.32,0.01,0.00157093,86.6131,9.75145e+09
2.33,0.01,0.00157111,86.6106,9.75477e+09
2.34,0.01,0.00157129,86.6081,9.75809e+09
2.35,0.01,0.00157147,86.6056,9.76141e+09
2.36,0.01,0.00157164,86.6031,9.76473e+09
2.37,0.01,0.00157182,86.6006,9.76805e+09
2.38,0.01,0.001572,86.5981,9.77137e+09
2.39,0.01,0.00157218,86.5956,9.7747e+09
2.4,0.01,0.00157235,86.5931,9.77802e+09
2.41,0.01,0.00157253,86.5905,9.78135e+09
2.42,0.01,0.00157271,86.588,9.78467e+09
2.43,0.01,0.00157288,86.5855,9.788e+09
2.44,0.01,0.00157306,86.583,9.79133e+09
2.45,0.01,0.00157324,86.5804,9.79466e+09
2.46,0.01,0.00157341,86.5779,9.79799e+09
2.47,0.01,0.00157359,86.5754,9.80133e+09
2.48,0.01,0.00157377,86.5728,9.80466e+09
2.49,0.01,0.00157394,86.5703,9.80799e+09
2.5,0.01,0.00157412,86.5678,9.81133e+09
2.51,0.01,0.0015743,86.5652,9.81466e+09
2.52,0.01,0.00157447,86.5627,9.818e+09
2.53,0.01,0.00157465,86.5601,9.82134e+09
2.54,0.01,0.00157483,86.5576,9.82468e+09
2.55,0.01,0.001575,86.555,9.82802e+09
2.56,0.01,0.00157518,86.5525,9.83136e+09
2.57,0.01,0.00157535,86.5499,9.8347e+09
2.58,0.01,0.00157553,86.5474,9.83805e+09
2.59,0.01,0.00157571,86.5448,9.84139e+09
2.6,0.01,0.00157588,86.5423,9.84474e+09
2.61,0.01,0.00157606,86.5397,9.84808e+09
2.62,0.01,0.00157623,86.5371,9.85143e+09
2.63,0.01,0.00157641,86.5346,9.85478e+09
2.64,0.01,0.00157659,86.532,9.85813e+09
2.65,0.01,0.00157676,86.5294,9.86148e+09
2.66,0.01,0.00157694,86.5268,9.86483e+09
2.67,0.01,0.00157711,86.5243,9.86819e+09
2.68,0.01,0.00157729,86.5217,9.87154e+09
2.69,0.01,0.00157746,86.5191,9.87489e+09
2.7,0.01,0.00157764,86.5165,9.87825e+09
2.71,0.01,0.00157781,86.5139,9.88161e+09
2.72,0.01,0.00157799,86.5114,9.88496e+09
2.73,0.01,0.00157817,86.5088,9.88832e+09
2.74,0.01,0.00157834,86.5062,9.89168e+09
2.75,0.01,0.00157852,86.5036,9.89504e+09
2.76,0.01,0.00157869,86.501,9.89841e+09
2.77,0.01,0.00157887,86.4984,9.90177e+09
2.78,0.01,0.00157904,86.4958,9.90513e+09
2.79,0.01,0.00157922,86.4932,9.9085e+09
2.8,0.01,0.00157939,86.4906,9.91186e+09
2.81,0.01,0.00157957,86.488,9.91523e+09
2.82,0.01,0.00157974,86.4854,9.9186e+09
2.83,0.01,0.00157991,86.4828,9.92197e+09
2.84,0.01,0.00158009,86.4802,9.92534e+09
2.85,0.01,0.00158026,86.4775,9.92871e+09
2.86,0.01,0.00158044,86.4749,9.93208e+09
2.87,0.01,0.00158061,86.4723,9.93545e+09
2.88,0.01,0.00158079,86.4697,9.93883e+09
2.89,0.01,0.00158096,86.4671,9.9422e+09
2.9,0.01,0.00158114,86.4644,9.94558e+09
2.91,0.01,0.00158131,86.4618,9.94896e+09
2.92,0.01,0.00158148,86.4592,9.95233e+09
2.93,0.01,0.00158166,86.4565,9.95571e+09
2.94,0.01,0.00158183,86.4539,9.95909e+09
2.95,0.01,0.00158201,86.4513,9.96248e+09
2.96,0.01,0.00158218,86.4486,9.96586e+09
2.97,0.01,0.00158235,86.446,9.96924e+09
2.98,0.01,0.00158253,86.4434,9.97263e+09
2.99,0.01,0.0015827,86.4407,9.97601e+09
3,0.01,0.00158287,86.4381,9.9794e+09
3.01,0.01,0.00158305,86.4354,9.98278e+09
3.02,0.01,0.00158322,86.4328,9.98617e+09
3.03,0.01,0.00158339,86.4301,9.98956e+09
3.04,0.01,0.00158357,86.4275,9.99295e+09
3.05,0.01,0.00158374,86.4248,9.99634e+09
3.06,0.01,0.00158391,86.4221,9.99974e+09
3.07,0.01,0.00158409,86.4195,1.00031e+10
3.08,0.01,0.00158426,86.4168,1.00065e+10
3.09,0.01,0.00158443,86.4142,1.00099e+10
3.1,0.01,0.00158461,86.4115,1.00133e+10
3.11,0.01,0.00158478,86.4088,1.00167e+10
3.12,0.01,0.00158495,86.4062,1.00201e+10
3.13,0.01,0.00158513,86.4035,1.00235e+10
3.14,0.01,0.0015853,86.4008,1.00269e+10
3.15,0.01,0.00158547,86.3981,1.00303e+10
3.16,0.01,0.00158564,86.3954,1.00337e+10
3.17,0.01,0.00158582,86.3928,1.00371e+10
3.18,0.01,0.00158599,86.3901,1.00405e+10
3.19,0.01,0.00158616,86.3874,1.00439e+10
3.2,0.01,0.00158633,86.3847,1.00473e+10
3.21,0.01,0.00158651,86.382,1.00507e+10
3.22,0.01,0.00158668,86.3793,1.00542e+10
3.23,0.01,0.00158685,86.3766,1.00576e+10
3.24,0.01,0.00158702,86.3739,1.0061e+10
3.25,0.01,0.0015872,86.3712,1.00644e+10
3.26,0.01,0.00158737,86.3685,1.00678e+10
3.27,0.01,0.00158754,86.3658,1.00712e+10
3.28,0.01,0.00158771,86.3631,1.00746e+10
3.29,0.01,0.00158788,86.3604,1.0078e+10
3.3,0.01,0.00158806,86.3577,1.00815e+10
3.31,0.01,0.00158823,86.355,1.00849e+10
3.32,0.01,0.0015884,86.3523,1.00883e+10
3.33,0.01,0.00158857,86.3496,1.00917e+10
3.34,0.01,0.00158874,86.3469,1.00951e+10
3.35,0.01,0.00158891,86.3441,1.00986e+10
3.36,0.01,0.00158909,86.3414,1.0102e+10
3.37,0.01,0.00158926,86.3387,1.01054e+10
3.38,0.01,0.00158943,86.336,1.01088e+10
3.39,0.01,0.0015896,86.3332,1.01123e+10
3.4,0.01,0.00158977,86.3305,1.01157e+10
3.41,0.01,0.00158994,86.3278,1.01191e+10
3.42,0.01,0.00159011,86.3251,1.01226e+10
3.43,0.01,0.00159028,86.3223,1.0126e+10
3.44,0.01,0.00159046,86.3196,1.01294e+10
3.45,0.01,0.00159063,86.3168,1.01328e+10
3.46,0.01,0.0015908,86.3141,1.01363e+10
3.47,0.01,0.00159097,86.3114,1.01397e+10
3.48,0.01,0.00159114,86.3086,1.01432e+10
3.49,0.01,0.00159131,86.3059,1.01466e+10
3.5,0.01,0.00159148,86.3031,1.015e+10
3.51,0.01,0.00159165,86.3004,1.01535e+10
3.52,0.01,0.00159182,86.2976,1.01569e+10
3.53,0.01,0.00159199,86.2949,1.01603e+10
3.54,0.01,0.00159216,86.2921,1.01638e+10
3.55,0.01,0.00159233,86.2893,1.01672e+10
3.56,0.01,0.0015925,86.2866,1.01707e+10
3.57,0.01,0.00159267,86.2838,1.01741e+10
3.58,0.01,0.00159284,86.281,1.01776e+10
3.59,0.01,0.00159301,86.2783,1.0181e+10
3.6,0.01,0.00159318,86.2755,1.01845e+10
3.61,0.01,0.00159335,86.2727,1.01879e+10
3.62,0.01,0.00159352,86.27,1.01914e+10
3.63,0.01,0.00159369,86.2672,1.01948e+10
3.64,0.01,0.00159386,86.2644,1.01983e+10
3.65,0.01,0.00159403,86.2616,1.02017e+10
3.66,0.01,0.0015942,86.2588,1.02052e+10
3.67,0.01,0.00159437,86.2561,1.02086e+10
3.68,0.01,0.00159454,86.2533,1.02121e+10
3.69,0.01,0.00159471,86.2505,1.02155e+10
3.7,0.01,0.00159488,86.2477,1.0219e+10
3.71,0.01,0.00159505,86.2449,1.02225e+10
3.72,0.01,0.00159522,86.2421,1.02259e+10
3.73,0.01,0.00159539,86.2393,1.02294e+10
3.74,0.01,0.00159556,86.2365,1.02328e+10
3.75,0.01,0.00159573,86.2337,1.02363e+10
3.76,0.01,0.0015959,86.2309,1.02398e+10
3.77,0.01,0.00159607,86.2281,1.02432e+10
3.78,0.01,0.00159623,86.2253,1.02467e+10
3.79,0.01,0.0015964,86.2225,1.02502e+10
3.8,0.01,0.00159657,86.2197,1.02536e+10
3.81,0.01,0.00159674,86.2169,1.02571e+10
3.82,0.01,0.00159691,86.2141,1.02606e+10
3.83,0.01,0.00159708,86.2113,1.0264e+10
3.84,0.01,0.00159725,86.2084,1.02675e+10
3.85,0.01,0.00159742,86.2056,1.0271e+10
3.86,0.01,0.00159758,86.2028,1.02745e+10
3.87,0.01,0.00159775,86.2,1.02779e+10
3.88,0.01,0.00159792,86.1971,1.02814e+10
3.89,0.01,0.00159809,86.1943,1.02849e+10
3.9,0.01,0.00159826,86.1915,1.02884e+10
3.91,0.01,0.00159843,86.1887,1.02918e+10
3.92,0.01,0.00159859,86.1858,1.02953e+10
3.93,0.01,0.00159876,86.183,1.02988e+10
3.94,0.01,0.00159893,86.1802,1.03023e+10
3.95,0.01,0.0015991,86.1773,1.03058e+10
3.96,0.01,0.00159927,86.1745,1.03093e+10
3.97,0.01,0.00159943,86.1716,1.03127e+10
3.98,0.01,0.0015996,86.1688,1.03162e+10
3.99,0.01,0.00159977,86.1659,1.03197e+10
4,0.01,0.00159994,86.1631,1.03232e+10
4.01,0.01,0.0016001,86.1602,1.03267e+10
4.02,0.01,0.00160027,86.1574,1.03302e+10
4.03,0.01,0.00160044,86.1545,1.03337e+10
4.04,0.01,0.00160061,86.1517,1.03372e+10
4.05,0.01,0.00160077,86.1488,1.03407e+10
4.06,0.01,0.00160094,86.146,1.03442e+10
4.07,0.01,0.00160111,86.1431,1.03477e+10
4.08,0.01,0.00160128,86.1402,1.03512e+10
4.09,0.01,0.00160144,86.1374,1.03547e+10
4.1,0.01,0.00160161,86.1345,1.03582e+10
4.11,0.01,0.00160178,86.1316,1.03617e+10
4.12,0.01,0.00160194,86.1287,1.03652e+10
4.13,0.01,0.00160211,86.1259,1.03687e+10
4.14,0.01,0.00160228,86.123,1.03722e+10
4.15,0.01,0.00160244,86.1201,1.03757e+10
4.16,0.01,0.00160261,86.1172,1.03792e+10
4.17,0.01,0.00160278,86.1144,1.03827e+10
4.18,0.01,0.00160294,86.1115,1.03862e+10
4.19,0.01,0.00160311,86.1086,1.03897e+10
4.2,0.01,0.00160328,86.1057,1.03932e+10
4.21,0.01,0.00160344,86.1028,1.03967e+10
4.22,0.01,0.00160361,86.0999,1.04002e+10
4.23,0.01,0.00160378,86.097,1.04037e+10
4.24,0.01,0.00160394,86.0941,1.04073e+10
4.25,0.01,0.00160411,86.0912,1.04108e+10
4.26,0.01,0.00160427,86.0883,1.04143e+10
4.27,0.01,0.00160444,86.0854,1.04178e+10
4.28,0.01,0.00160461,86.0825,1.04213e+10
4.29,0.01,0.00160477,86.0796,1.04248e+10
4.3,0.01,0.00160494,86.0767,1.04284e+10
4.31,0.01,0.0016051,86.0738,1.04319e+10
4.32,0.01,0.00160527,86.0709,1.04354e+10
4.33,0.01,0.00160543,86.068,1.04389e+10
4.34,0.01,0.0016056,86.0651,1.04424e+10
4.35,0.01,0.00160577,86.0622,1.0446e+10
4.36,0.01,0.00160593,86.0592,1.04495e+10
4.37,0.01,0.0016061,86.0563,1.0453e+10
4.38,0.01,0.00160626,86.0534,1.04566e+10
4.39,0.01,0.00160643,86.0505,1.04601e+10
4.4,0.01,0.00160659,86.0475,1.04636e+10
4.41,0.01,0.00160676,86.0446,1.04671e+10
4.42,0.01,0.00160692,86.0417,1.04707e+10
4.43,0.01,0.00160709,86.0388,1.04742e+10
4.44,0.01,0.00160725,86.0358,1.04777e+10
4.45,0.01,0.00160742,86.0329,1.04813e+10
4.46,0.01,0.00160758,86.0299,1.04848e+10
4.47,0.01,0.00160775,86.027,1.04883e+10
4.48,0.01,0.00160791,86.0241,1.04919e+10
4.49,0.01,0.00160808,86.0211,1.04954e+10
4.5,0.01,0.00160824,86.0182,1.0499e+10
4.51,0.01,0.0016084,86.0152,1.05025e+10
4.52,0.01,0.00160857,86.0123,1.0506e+10
4.53,0.01,0.00160873,86.0093,1.05096e+10
4.54,0.01,0.0016089,86.0064,1.05131e+10
4.55,0.01,0.00160906,86.0034,1.05167e+10
4.56,0.01,0.00160923,86.0005,1.05202e+10
4.57,0.01,0.00160939,85.9975,1.05238e+10
4.58,0.01,0.00160955,85.9946,1.05273e+10
4.59,0.01,0.00160972,85.9916,1.05309e+10
4.6,0.01,0.00160988,85.9886,1.05344e+10
4.61,0.01,0.00161005,85.9857,1.0538e+10
4.62,0.01,0.00161021,85.9827,1.05415e+10
4.63,0.01,0.00161037,85.9797,1.05451e+10
4.64,0.01,0.00161054,85.9768,1.05486e+10
4.65,0.01,0.0016107,85.9738,1.05522e+10
4.66,0.01,0.00161086,85.9708,1.05557e+10
4.67,0.01,0.00161103,85.9678,1.05593e+10
4.68,0.01,0.00161119,85.9648,1.05629e+10
4.69,0.01,0.00161135,85.9619,1.05664e+10
4.7,0.01,0.00161152,85.9589,1.057e+10
4.71,0.01,0.00161168,85.9559,1.05735e+10
4.72,0.01,0.00161184,85.9529,1.05771e+10
4.73,0.01,0.00161201,85.9499,1.05807e+10
4.74,0.01,0.00161217,85.9469,1.05842e+10
4.75,0.01,0.00161233,85.9439,1.05878e+10
4.76,0.01,0.0016125,85.941,1.05914e+10
4.77,0.01,0.00161266,85.938,1.05949e+10
4.78,0.01,0.00161282,85.935,1.05985e+10
4.79,0.01,0.00161298,85.932,1.06021e+10
4.8,0.01,0.00161315,85.929,1.06056e+10
4.81,0.01,0.00161331,85.926,1.06092e+10
4.82,0.01,0.00161347,85.923,1.06128e+10
4.83,0.01,0.00161363,85.92,1.06164e+10
4.84,0.01,0.0016138,85.9169,1.06199e+10
4.85,0.01,0.00161396,85.9139,1.06235e+10
4.86,0.01,0.00161412,85.9109,1.06271e+10
4.87,0.01,0.00161428,85.9079,1.06307e+10
4.88,0.01,0.00161445,85.9049,1.06342e+10
4.89,0.01,0.00161461,85.9019,1.06378e+10
4.9,0.01,0.00161477,85.8989,1.06414e+10
4.91,0.01,0.00161493,85.8958,1.0645e+10
4.92,0.01,0.00161509,85.8928,1.06486e+10
4.93,0.01,0.00161526,85.8898,1.06522e+10
4.94,0.01,0.00161542,85.8868,1.06557e+10
4.95,0.01,0.00161558,85.8837,1.06593e+10
4.96,0.01,0.00161574,85.8807,1.06629e+10
4.97,0.01,0.0016159,85.8777,1.06665e+10
4.98,0.01,0.00161606,85.8746,1.06701e+10
4.99,0.01,0.00161623,85.8716,1.06737e+10
5,0.01,0.00161639,85.8686,1.06773e+10
5.01,0.01,0.00161655,85.8655,1.06809e+10
5.02,0.01,0.00161671,85.8625,1.06845e+10
5.03,0.01,0.00161687,85.8594,1.06881e+10
5.04,0.01,0.00161703,85.8564,1.06917e+10
5.05,0.01,0.00161719,85.8534,1.06953e+10
5.06,0.01,0.00161735,85.8503,1.06988e+10
5.07,0.01,0.00161751,85.8473,1.07024e+10
5.08,0.01,0.00161768,85.8442,1.0706e+10
5.09,0.01,0.00161784,85.8412,1.07096e+10
5.1,0.01,0.001618,85.8381,1.07132e+10
5.11,0.01,0.00161816,85.835,1.07169e+10
5.12,0.01,0.00161832,85.832,1.07205e+10
5.13,0.01,0.00161848,85.8289,1.07241e+10
5.14,0.01,0.00161864,85.8259,1.07277e+10
5.15,0.01,0.0016188,85.8228,1.07313e+10
5.16,0.01,0.00161896,85.8197,1.07349e+10
5.17,0.01,0.00161912,85.8167,1.07385e+10
5.18,0.01,0.00161928,85.8136,1.07421e+10
5.19,0.01,0.00161944,85.8105,1.07457e+10
5.2,0.01,0.0016196,85.8075,1.07493e+10
5.21,0.01,0.00161976,85.8044,1.07529e+10
5.22,0.01,0.00161992,85.8013,1.07565e+10
5.23,0.01,0.00162008,85.7982,1.07602e+10
5.24,0.01,0.00162024,85.7951,1.07638e+10
5.25,0.01,0.0016204,85.7921,1.07674e+10
5.26,0.01,0.00162056,85.789,1.0771e+10
5.27,0.01,0.00162072,85.7859,1.07746e+10
5.28,0.01,0.00162088,85.7828,1.07783e+10
5.29,0.01,0.00162104,85.7797,1.07819e+10
5.3,0.01,0.0016212,85.7766,1.07855e+10
5.31,0.01,0.00162136,85.7735,1.07891e+10
5.32,0.01,0.00162152,85.7704,1.07927e+10
5.33,0.01,0.00162168,85.7673,1.07964e+10
5.34,0.01,0.00162184,85.7642,1.08e+10
5.35,0.01,0.001622,85.7611,1.08036e+10
5.36,0.01,0.00162215,85.758,1.08072e+10
5.37,0.01,0.00162231,85.7549,1.08109e+10
5.38,0.01,0.00162247,85.7518,1.08145e+10
5.39,0.01,0.00162263,85.7487,1.08181e+10
5.4,0.01,0.00162279,85.7456,1.08218e+10
5.41,0.01,0.00162295,85.7425,1.08254e+10
5.42,0.01,0.00162311,85.7394,1.0829e+10
5.43,0.01,0.00162327,85.7363,1.08327e+10
5.44,0.01,0.00162342,85.7332,1.08363e+10
5.45,0.01,0.00162358,85.7301,1.08399e+10
5.46,0.01,0.00162374,85.7269,1.08436e+10
5.47,0.01,0.0016239,85.7238,1.08472e+10
5.48,0.01,0.00162406,85.7207,1.08509e+10
5.49,0.01,0.00162422,85.7176,1.08545e+10
5.5,0.01,0.00162437,85.7144,1.08582e+10
5.51,0.01,0.00162453,85.7113,1.08618e+10
5.52,0.01,0.00162469,85.7082,1.08654e+10
5.53,0.01,0.00162485,85.7051,1.08691e+10
5.54,0.01,0.00162501,85.7019,1.08727e+10
5.55,0.01,0.00162516,85.6988,1.08764e+10
5.56,0.01,0.00162532,85.6957,1.088e+10
5.57,0.01,0.00162548,85.6925,1.08837e+10
5.58,0.01,0.00162564,85.6894,1.08873e+10
5.59,0.01,0.0016258,85.6862,1.0891e+10
5.6,0.01,0.00162595,85.6831,1.08946e+10
5.61,0.01,0.00162611,85.68,1.08983e+10
5.62,0.01,0.00162627,85.6768,1.09019e+10
5.63,0.01,0.00162643,85.6737,1.09056e+10
5.64,0.01,0.00162658,85.6705,1.09093e+10
5.65,0.01,0.00162674,85.6674,1.09129e+10
5.66,0.01,0.0016269,85.6642,1.09166e+10
5.67,0.01,0.00162705,85.6611,1.09202e+10
5.68,0.01,0.00162721,85.6579,1.09239e+10
5.69,0.01,0.00162737,85.6547,1.09276e+10
5.7,0.01,0.00162752,85.6516,1.09312e+10
5.71,0.01,0.00162768,85.6484,1.09349e+10
5.72,0.01,0.00162784,85.6453,1.09385e+10
5.73,0.01,0.00162799,85.6421,1.09422e+10
5.74,0.01,0.00162815,85.6389,1.09459e+10
5.75,0.01,0.00162831,85.6358,1.09495e+10
5.76,0.01,0.00162846,85.6326,1.09532e+10
5.77,0.01,0.00162862,85.6294,1.09569e+10
5.78,0.01,0.00162878,85.6262,1.09606e+10
5.79,0.01,0.00162893,85.6231,1.09642e+10
5.8,0.01,0.00162909,85.6199,1.09679e+10
5.81,0.01,0.00162925,85.6167,1.09716e+10
5.82,0.01,0.0016294,85.6135,1.09753e+10
5.83,0.01,0.00162956,85.6103,1.09789e+10
5.84,0.01,0.00162971,85.6072,1.09826e+10
5.85,0.01,0.00162987,85.604,1.09863e+10
5.86,0.01,0.00163003,85.6008,1.099e+10
5.87,0.01,0.00163018,85.5976,1.09936e+10
5.88,0.01,0.00163034,85.5944,1.09973e+10
5.89,0.01,0.00163049,85.5912,1.1001e+10
5.9,0.01,0.00163065,85.588,1.10047e+10
5.91,0.01,0.0016308,85.5848,1.10084e+10
5.92,0.01,0.00163096,85.5816,1.10121e+10
5.93,0.01,0.00163112,85.5784,1.10157e+10
5.94,0.01,0.00163127,85.5752,1.10194e+10
5.95,0.01,0.00163143,85.572,1.10231e+10
5.96,0.01,0.00163158,85.5688,1.10268e+10
5.97,0.01,0.00163174,85.5656,1.10305e+10
5.98,0.01,0.00163189,85.5624,1.10342e+10
5.99,0.01,0.00163205,85.5592,1.10379e+10
6,0.01,0.0016322,85.556,1.10416e+10
6.01,0.01,0.00163236,85.5528,1.10453e+10
6.02,0.01,0.00163251,85.5496,1.1049e+10
6.03,0.01,0.00163267,85.5464,1.10527e+10
6.04,0.01,0.00163282,85.5431,1.10564e+10
6.05,0.01,0.00163297,85.5399,1.10601e+10
6.06,0.01,0.00163313,85.5367,1.10638e+10
6.07,0.01,0.00163328,85.5335,1.10675e+10
6.08,0.01,0.00163344,85.5303,1.10712e+10
6.09,0.01,0.00163359,85.527,1.10749e+10
6.1,0.01,0.00163375,85.5238,1.10786e+10
6.11,0.01,0.0016339,85.5206,1.10823e+10
6.12,0.01,0.00163405,85.5174,1.1086e+10
6.13,0.01,0.00163421,85.5141,1.10897e+10
6.14,0.01,0.00163436,85.5109,1.10934e+10
6.15,0.01,0.00163452,85.5077,1.10971e+10
6.16,0.01,0.00163467,85.5044,1.11008e+10
6.17,0.01,0.00163482,85.5012,1.11045e+10
6.18,0.01,0.00163498,85.4979,1.11082e+10
6.19,0.01,0.00163513,85.4947,1.1112e+10
6.2,0.01,0.00163529,85.4915,1.11157e+10
6.21,0.01,0.00163544,85.4882,1.11194e+10
6.22,0.01,0.00163559,85.485,1.11231e+10
6.23,0.01,0.00163575,85.4817,1.11268e+10
6.24,0.01,0.0016359,85.4785,1.11305e+10
6.25,0.01,0.00163605,85.4752,1.11342e+10
6.26,0.01,0.00163621,85.472,1.1138e+10
6.27,0.01,0.00163636,85.4687,1.11417e+10
6.28,0.01,0.00163651,85.4655,1.11454e+10
6.29,0.01,0.00163667,85.4622,1.11491e+10
6.3,0.01,0.00163682,85.4589,1.11529e+10
6.31,0.01,0.00163697,85.4557,1.11566e+10
6.32,0.01,0.00163712,85.4524,1.11603e+10
6.33,0.01,0.00163728,85.4491,1.1164e+10
6.34,0.01,0.00163743,85.4459,1.11678e+10
6.35,0.01,0.00163758,85.4426,1.11715e+10
6.36,0.01,0.00163773,85.4393,1.11752e+10
6.37,0.01,0.00163789,85.4361,1.1179e+10
6.38,0.01,0.00163804,85.4328,1.11827e+10
6.39,0.01,0.00163819,85.4295,1.11864e+10
6.4,0.01,0.00163834,85.4263,1.11902e+10
6.41,0.01,0.0016385,85.423,1.11939e+10
6.42,0.01,0.00163865,85.4197,1.11976e+10
6.43,0.01,0.0016388,85.4164,1.12014e+10
6.44,0.01,0.00163895,85.4131,1.12051e+10
6.45,0.01,0.0016391,85.4099,1.12088e+10
6.46,0.01,0.00163926,85.4066,1.12126e+10
6.47,0.01,0.00163941,85.4033,1.12163e+10
6.48,0.01,0.00163956,85.4,1.12201e+10
6.49,0.01,0.00163971,85.3967,1.12238e+10
6.5,0.01,0.00163986,85.3934,1.12276e+10
6.51,0.01,0.00164001,85.3901,1.12313e+10
6.52,0.01,0.00164017,85.3868,1.1235e+10
6.53,0.01,0.00164032,85.3835,1.12388e+10
6.54,0.01,0.00164047,85.3802,1.12425e+10
6.55,0.01,0.00164062,85.3769,1.12463e+10
6.56,0.01,0.00164077,85.3736,1.125e+10
6.57,0.01,0.00164092,85.3703,1.12538e+10
6.58,0.01,0.00164107,85.367,1.12575e+10
6.59,0.01,0.00164122,85.3637,1.12613e+10
6.6,0.01,0.00164138,85.3604,1.12651e+10
6.61,0.01,0.00164153,85.3571,1.12688e+10
6.62,0.01,0.00164168,85.3538,1.12726e+10
6.63,0.01,0.00164183,85.3505,1.12763e+10
6.64,0.01,0.00164198,85.3472,1.12801e+10
6.65,0.01,0.00164213,85.3439,1.12838e+10
6.66,0.01,0.00164228,85.3405,1.12876e+10
6.67,0.01,0.00164243,85.3372,1.12914e+10
6.68,0.01,0.00164258,85.3339,1.12951e+10
6.69,0.01,0.00164273,85.3306,1.12989e+10
6.7,0.01,0.00164288,85.3273,1.13027e+10
6.71,0.01,0.00164303,85.3239,1.13064e+10
6.72,0.01,0.00164318,85.3206,1.13102e+10
6.73,0.01,0.00164333,85.3173,1.1314e+10
6.74,0.01,0.00164348,85.314,1.13177e+10
6.75,0.01,0.00164363,85.3106,1.13215e+10
6.76,0.01,0.00164378,85.3073,1.13253e+10
6.77,0.01,0.00164393,85.304,1.1329e+10
6.78,0.01,0.00164408,85.3006,1.13328e+10
6.79,0.01,0.00164423,85.2973,1.13366e+10
6.8,0.01,0.00164438,85.294,1.13404e+10
6.81,0.01,0.00164453,85.2906,1.13441e+10
6.82,0.01,0.00164468,85.2873,1.13479e+10
6.83,0.01,0.00164483,85.2839,1.13517e+10
6.84,0.01,0.00164498,85.2806,1.13555e+10
6.85,0.01,0.00164513,85.2772,1.13592e+10
6.86,0.01,0.00164528,85.2739,1.1363e+10
6.87,0.01,0.00164543,85.2706,1.13668e+10
6.88,0.01,0.00164557,85.2672,1.13706e+10
6.89,0.01,0.00164572,85.2638,1.13744e+10
6.9,0.01,0.00164587,85.2605,1.13782e+10
6.91,0.01,0.00164602,85.2571,1.13819e+10
6.92,0.01,0.00164617,85.2538,1.13857e+10
6.93,0.01,0.00164632,85.2504,1.13895e+10
6.94,0.01,0.00164647,85.2471,1.13933e+10
6.95,0.01,0.00164662,85.2437,1.13971e+10
6.96,0.01,0.00164676,85.2403,1.14009e+10
6.97,0.01,0.00164691,85.237,1.14047e+10
6.98,0.01,0.00164706,85.2336,1.14085e+10
6.99,0.01,0.00164721,85.2303,1.14123e+10
7,0.01,0.00164736,85.2269,1.14161e+10
7.01,0.01,0.00164751,85.2235,1.14199e+10
7.02,0.01,0.00164765,85.2201,1.14237e+10
7.03,0.01,0.0016478,85.2168,1.14275e+10
7.04,0.01,0.00164795,85.2134,1.14313e+10
7.05,0.01,0.0016481,85.21,1.14351e+10
7.06,0.01,0.00164825,85.2066,1.14389e+10
7.07,0.01,0.00164839,85.2033,1.14427e+10
7.08,0.01,0.00164854,85.1999,1.14465e+10
7.09,0.01,0.00164869,85.1965,1.14503e+10
7.1,0.01,0.00164884,85.1931,1.14541e+10
7.11,0.01,0.00164898,85.1897,1.14579e+10
7.12,0.01,0.00164913,85.1863,1.14617e+10
7.13,0.01,0.00164928,85.183,1.14655e+10
7.14,0.01,0.00164943,85.1796,1.14693e+10
7.15,0.01,0.00164957,85.1762,1.14731e+10
7.16,0.01,0.00164972,85.1728,1.14769e+10
7.17,0.01,0.00164987,85.1694,1.14807e+10
7.18,0.01,0.00165001,85.166,1.14845e+10
7.19,0.01,0.00165016,85.1626,1.14884e+10
7.2,0.01,0.00165031,85.1592,1.14922e+10
7.21,0.01,0.00165046,85.1558,1.1496e+10
7.22,0.01,0.0016506,85.1524,1.14998e+10
7.23,0.01,0.00165075,85.149,1.15036e+10
7.24,0.01,0.0016509,85.1456,1.15074e+10
7.25,0.01,0.00165104,85.1422,1.15113e+10
7.26,0.01,0.00165119,85.1388,1.15151e+10
7.27,0.01,0.00165133,85.1354,1.15189e+10
7.28,0.01,0.00165148,85.132,1.15227e+10
7.29,0.01,0.00165163,85.1286,1.15266e+10
7.3,0.01,0.00165177,85.1251,1.15304e+10
7.31,0.01,0.00165192,85.1217,1.15342e+10
7.32,0.01,0.00165207,85.1183,1.1538e+10
7.33,0.01,0.00165221,85.1149,1.15419e+10
7.34,0.01,0.00165236,85.1115,1.15457e+10
7.35,0.01,0.0016525,85.1081,1.15495e+10
7.36,0.01,0.00165265,85.1046,1.15534e+10
7.37,0.01,0.0016528,85.1012,1.15572e+10
7.38,0.01,0.00165294,85.0978,1.1561e+10
7.39,0.01,0.00165309,85.0944,1.15649e+10
7.4,0.01,0.00165323,85.0909,1.15687e+10
7.41,0.01,0.00165338,85.0875,1.15725e+10
7.42,0.01,0.00165352,85.0841,1.15764e+10
7.43,0.01,0.00165367,85.0806,1.15802e+10
7.44,0.01,0.00165381,85.0772,1.1584e+10
7.45,0.01,0.00165396,85.0738,1.15879e+10
7.46,0.01,0.0016541,85.0703,1.15917e+10
7.47,0.01,0.00165425,85.0669,1.15956e+10
7.48,0.01,0.00165439,85.0635,1.15994e+10
7.49,0.01,0.00165454,85.06,1.16033e+10
7.5,0.01,0.00165468,85.0566,1.16071e+10
7.51,0.01,0.00165483,85.0531,1.16109e+10
7.52,0.01,0.00165497,85.0497,1.16148e+10
7.53,0.01,0.00165512,85.0462,1.16186e+10
7.54,0.01,0.00165526,85.0428,1.16225e+10
7.55,0.01,0.00165541,85.0394,1.16263e+10
7.56,0.01,0.00165555,85.0359,1.16302e+10
7.57,0.01,0.0016557,85.0325,1.1634e+10
7.58,0.01,0.00165584,85.029,1.16379e+10
7.59,0.01,0.00165598,85.0255,1.16418e+10
7.6,0.01,0.00165613,85.0221,1.16456e+10
7.61,0.01,0.00165627,85.0186,1.16495e+10
7.62,0.01,0.00165642,85.0152,1.16533e+10
7.63,0.01,0.00165656,85.0117,1.16572e+10
7.64,0.01,0.0016567,85.0082,1.1661e+10
7.65,0.01,0.00165685,85.0048,1.16649e+10
7.66,0.01,0.00165699,85.0013,1.16688e+10
7.67,0.01,0.00165713,84.9979,1.16726e+10
7.68,0.01,0.00165728,84.9944,1.16765e+10
7.69,0.01,0.00165742,84.9909,1.16803e+10
7.7,0.01,0.00165757,84.9875,1.16842e+10
7.71,0.01,0.00165771,84.984,1.16881e+10
7.72,0.01,0.00165785,84.9805,1.16919e+10
7.73,0.01,0.001658,84.977,1.16958e+10
7.74,0.01,0.00165814,84.9736,1.16997e+10
7.75,0.01,0.00165828,84.9701,1.17036e+10
7.76,0.01,0.00165842,84.9666,1.17074e+10
7.77,0.01,0.00165857,84.9631,1.17113e+10
7.78,0.01,0.00165871,84.9596,1.17152e+10
7.79,0.01,0.00165885,84.9562,1.1719e+10
7.8,0.01,0.001659,84.9527,1.17229e+10
7.81,0.01,0.00165914,84.9492,1.17268e+10
7.82,0.01,0.00165928,84.9457,1.17307e+10
7.83,0.01,0.00165942,84.9422,1.17346e+10
7.84,0.01,0.00165957,84.9387,1.17384e+10
7.85,0.01,0.00165971,84.9352,1.17423e+10
7.86,0.01,0.00165985,84.9317,1.17462e+10
7.87,0.01,0.00165999,84.9282,1.17501e+10
7.88,0.01,0.00166014,84.9248,1.1754e+10
7.89,0.01,0.00166028,84.9213,1.17578e+10
7.9,0.01,0.00166042,84.9178,1.17617e+10
7.91,0.01,0.00166056,84.9143,1.17656e+10
7.92,0.01,0.0016607,84.9108,1.17695e+10
7.93,0.01,0.00166085,84.9073,1.17734e+10
7.94,0.01,0.00166099,84.9038,1.17773e+10
7.95,0.01,0.00166113,84.9002,1.17812e+10
7.96,0.01,0.00166127,84.8967,1.17851e+10
7.97,0.01,0.00166141,84.8932,1.1789e+10
7.98,0.01,0.00166155,84.8897,1.17928e+10
7.99,0.01,0.0016617,84.8862,1.17967e+10
8,0.01,0.00166184,84.8827,1.18006e+10
8.01,0.01,0.00166198,84.8792,1.18045e+10
8.02,0.01,0.00166212,84.8757,1.18084e+10
8.03,0.01,0.00166226,84.8722,1.18123e+10
8.04,0.01,0.0016624,84.8686,1.18162e+10
8.05,0.01,0.00166254,84.8651,1.18201e+10
8.06,0.01,0.00166268,84.8616,1.1824e+10
8.07,0.01,0.00166282,84.8581,1.18279e+10
8.08,0.01,0.00166296,84.8546,1.18318e+10
8.09,0.01,0.00166311,84.851,1.18357e+10
8.1,0.01,0.00166325,84.8475,1.18396e+10
8.11,0.01,0.00166339,84.844,1.18436e+10
8.12,0.01,0.00166353,84.8405,1.18475e+10
8.13,0.01,0.00166367,84.8369,1.18514e+10
8.14,0.01,0.00166381,84.8334,1.18553e+10
8.15,0.01,0.00166395,84.8299,1.18592e+10
8.16,0.01,0.00166409,84.8263,1.18631e+10
8.17,0.01,0.00166423,84.8228,1.1867e+10
8.18,0.01,0.00166437,84.8193,1.18709e+10
8.19,0.01,0.00166451,84.8157,1.18748e+10
8.2,0.01,0.00166465,84.8122,1.18788e+10
8.21,0.01,0.00166479,84.8087,1.18827e+10
8.22,0.01,0.00166493,84.8051,1.18866e+10
8.23,0.01,0.00166507,84.8016,1.18905e+10
8.24,0.01,0.00166521,84.798,1.18944e+10
8.25,0.01,0.00166535,84.7945,1.18983e+10
8.26,0.01,0.00166549,84.7909,1.19023e+10
8.27,0.01,0.00166563,84.7874,1.19062e+10
8.28,0.01,0.00166577,84.7838,1.19101e+10
8.29,0.01,0.00166591,84.7803,1.1914e+10
8.3,0.01,0.00166604,84.7767,1.1918e+10
8.31,0.01,0.00166618,84.7732,1.19219e+10
8.32,0.01,0.00166632,84.7696,1.19258e+10
8.33,0.01,0.00166646,84.7661,1.19297e+10
8.34,0.01,0.0016666,84.7625,1.19337e+10
8.35,0.01,0.00166674,84.759,1.19376e+10
8.36,0.01,0.00166688,84.7554,1.19415e+10
8.37,0.01,0.00166702,84.7518,1.19455e+10
8.38,0.01,0.00166716,84.7483,1.19494e+10
8.39,0.01,0.00166729,84.7447,1.19533e+10
8.4,0.01,0.00166743,84.7412,1.19573e+10
8.41,0.01,0.00166757,84.7376,1.19612e+10
8.42,0.01,0.00166771,84.734,1.19651e+10
8.43,0.01,0.00166785,84.7305,1.19691e+10
8.44,0.01,0.00166799,84.7269,1.1973e+10
8.45,0.01,0.00166813,84.7233,1.1977e+10
8.46,0.01,0.00166826,84.7197,1.19809e+10
8.47,0.01,0.0016684,84.7162,1.19848e+10
8.48,0.01,0.00166854,84.7126,1.19888e+10
8.49,0.01,0.00166868,84.709,1.19927e+10
8.5,0.01,0.00166882,84.7054,1.19967e+10
8.51,0.01,0.00166895,84.7019,1.20006e+10
8.52,0.01,0.00166909,84.6983,1.20046e+10
8.53,0.01,0.00166923,84.6947,1.20085e+10
8.54,0.01,0.00166937,84.6911,1.20125e+10
8.55,0.01,0.0016695,84.6875,1.20164e+10
8.56,0.01,0.00166964,84.6839,1.20204e+10
8.57,0.01,0.00166978,84.6804,1.20243e+10
8.58,0.01,0.00166992,84.6768,1.20283e+10
8.59,0.01,0.00167005,84.6732,1.20322e+10
8.6,0.01,0.00167019,84.6696,1.20362e+10
8.61,0.01,0.00167033,84.666,1.20401e+10
8.62,0.01,0.00167046,84.6624,1.20441e+10
8.63,0.01,0.0016706,84.6588,1.2048e+10
8.64,0.01,0.00167074,84.6552,1.2052e+10
8.65,0.01,0.00167087,84.6516,1.2056e+10
8.66,0.01,0.00167101,84.648,1.20599e+10
8.67,0.01,0.00167115,84.6444,1.20639e+10
8.68,0.01,0.00167128,84.6408,1.20678e+10
8.69,0.01,0.00167142,84.6372,1.20718e+10
8.7,0.01,0.00167156,84.6336,1.20758e+10
8.71,0.01,0.00167169,84.63,1.20797e+10
8.72,0.01,0.00167183,84.6264,1.20837e+10
8.73,0.01,0.00167197,84.6228,1.20877e+10
8.74,0.01,0.0016721,84.6192,1.20916e+10
8.75,0.01,0.00167224,84.6156,1.20956e+10
8.76,0.01,0.00167237,84.612,1.20996e+10
8.77,0.01,0.00167251,84.6084,1.21035e+10
8.78,0.01,0.00167265,84.6048,1.21075e+10
8.79,0.01,0.00167278,84.6011,1.21115e+10
8.8,0.01,0.00167292,84.5975,1.21155e+10
8.81,0.01,0.00167305,84.5939,1.21194e+10
8.82,0.01,0.00167319,84.5903,1.21234e+10
8.83,0.01,0.00167332,84.5867,1.21274e+10
8.84,0.01,0.00167346,84.5831,1.21314e+10
8.85,0.01,0.00167359,84.5794,1.21354e+10
8.86,0.01,0.00167373,84.5758,1.21393e+10
8.87,0.01,0.00167387,84.5722,1.21433e+10
8.88,0.01,0.001674,84.5686,1.21473e+10
8.89,0.01,0.00167414,84.5649,1.21513e+10
8.9,0.01,0.00167427,84.5613,1.21553e+10
8.91,0.01,0.00167441,84.5577,1.21593e+10
8.92,0.01,0.00167454,84.554,1.21632e+10
8.93,0.01,0.00167468,84.5504,1.21672e+10
8.94,0.01,0.00167481,84.5468,1.21712e+10
8.95,0.01,0.00167494,84.5432,1.21752e+10
8.96,0.01,0.00167508,84.5395,1.21792e+10
8.97,0.01,0.00167521,84.5359,1.21832e+10
8.98,0.01,0.00167535,84.5322,1.21872e+10
8.99,0.01,0.00167548,84.5286,1.21912e+10
9,0.01,0.00167562,84.525,1.21952e+10
9.01,0.01,0.00167575,84.5213,1.21992e+10
9.02,0.01,0.00167588,84.5177,1.22032e+10
9.03,0.01,0.00167602,84.514,1.22072e+10
9.04,0.01,0.00167615,84.5104,1.22111e+10
9.05,0.01,0.00167629,84.5068,1.22151e+10
9.06,0.01,0.00167642,84.5031,1.22191e+10
9.07,0.01,0.00167655,84.4995,1.22231e+10
9.08,0.01,0.00167669,84.4958,1.22271e+10
9.09,0.01,0.00167682,84.4922,1.22312e+10
9.1,0.01,0.00167696,84.4885,1.22352e+10
9.11,0.01,0.00167709,84.4849,1.22392e+10
9.12,0.01,0.00167722,84.4812,1.22432e+10
9.13,0.01,0.00167736,84.4775,1.22472e+10
9.14,0.01,0.00167749,84.4739,1.22512e+10
9.15,0.01,0.00167762,84.4702,1.22552e+10
9.16,0.01,0.00167776,84.4666,1.22592e+10
9.17,0.01,0.00167789,84.4629,1.22632e+10
9.18,0.01,0.00167802,84.4592,1.22672e+10
9.19,0.01,0.00167815,84.4556,1.22712e+10
9.2,0.01,0.00167829,84.4519,1.22752e+10
9.21,0.01,0.00167842,84.4483,1.22793e+10
9.22,0.01,0.00167855,84.4446,1.22833e+10
9.23,0.01,0.00167869,84.4409,1.22873e+10
9.24,0.01,0.00167882,84.4373,1.22913e+10
9.25,0.01,0.00167895,84.4336,1.22953e+10
9.26,0.01,0.00167908,84.4299,1.22993e+10
9.27,0.01,0.00167921,84.4262,1.23034e+10
9.28,0.01,0.00167935,84.4226,1.23074e+10
9.29,0.01,0.00167948,84.4189,1.23114e+10
9.3,0.01,0.00167961,84.4152,1.23154e+10
9.31,0.01,0.00167974,84.4115,1.23195e+10
9.32,0.01,0.00167988,84.4079,1.23235e+10
9.33,0.01,0.00168001,84.4042,1.23275e+10
9.34,0.01,0.00168014,84.4005,1.23315e+10
9.35,0.01,0.00168027,84.3968,1.23356e+10
9.36,0.01,0.0016804,84.3931,1.23396e+10
9.37,0.01,0.00168053,84.3895,1.23436e+10
9.38,0.01,0.00168067,84.3858,1.23477e+10
9.39,0.01,0.0016808,84.3821,1.23517e+10
9.4,0.01,0.00168093,84.3784,1.23557e+10
9.41,0.01,0.00168106,84.3747,1.23598e+10
9.42,0.01,0.00168119,84.371,1.23638e+10
9.43,0.01,0.00168132,84.3673,1.23678e+10
9.44,0.01,0.00168145,84.3636,1.23719e+10
9.45,0.01,0.00168158,84.36,1.23759e+10
9.46,0.01,0.00168172,84.3563,1.23799e+10
9.47,0.01,0.00168185,84.3526,1.2384e+10
9.48,0.01,0.00168198,84.3489,1.2388e+10
9.49,0.01,0.00168211,84.3452,1.23921e+10
9.5,0.01,0.00168224,84.3415,1.23961e+10
9.51,0.01,0.00168237,84.3378,1.24001e+10
9.52,0.01,0.0016825,84.3341,1.24042e+10
9.53,0.01,0.00168263,84.3304,1.24082e+10
9.54,0.01,0.00168276,84.3267,1.24123e+10
9.55,0.01,0.00168289,84.323,1.24163e+10
9.56,0.01,0.00168302,84.3193,1.24204e+10
9.57,0.01,0.00168315,84.3156,1.24244e+10
9.58,0.01,0.00168328,84.3119,1.24285e+10
9.59,0.01,0.00168341,84.3081,1.24325e+10
9.6,0.01,0.00168354,84.3044,1.24366e+10
9.61,0.01,0.00168367,84.3007,1.24406e+10
9.62,0.01,0.0016838,84.297,1.24447e+10
9.63,0.01,0.00168393,84.2933,1.24487e+10
9.64,0.01,0.00168406,84.2896,1.24528e+10
9.65,0.01,0.00168419,84.2859,1.24569e+10
9.66,0.01,0.00168432,84.2822,1.24609e+10
9.67,0.01,0.00168445,84.2784,1.2465e+10
9.68,0.01,0.00168458,84.2747,1.2469e+10
9.69,0.01,0.00168471,84.271,1.24731e+10
9.7,0.01,0.00168484,84.2673,1.24772e+10
9.71,0.01,0.00168497,84.2636,1.24812e+10
9.72,0.01,0.00168509,84.2598,1.24853e+10
9.73,0.01,0.00168522,84.2561,1.24893e+10
9.74,0.01,0.00168535,84.2524,1.24934e+10
9.75,0.01,0.00168548,84.2487,1.24975e+10
9.76,0.01,0.00168561,84.2449,1.25015e+10
9.77,0.01,0.00168574,84.2412,1.25056e+10
9.78,0.01,0.00168587,84.2375,1.25097e+10
9.79,0.01,0.001686,84.2337,1.25138e+10
9.8,0.01,0.00168612,84.23,1.25178e+10
9.81,0.01,0.00168625,84.2263,1.25219e+10
9.82,0.01,0.00168638,84.2225,1.2526e+10
9.83,0.01,0.00168651,84.2188,1.253e+10
9.84,0.01,0.00168664,84.2151,1.25341e+10
9.85,0.01,0.00168677,84.2113,1.25382e+10
9.86,0.01,0.00168689,84.2076,1.25423e+10
9.87,0.01,0.00168702,84.2039,1.25464e+10
9.88,0.01,0.00168715,84.2001,1.25504e+10
9.89,0.01,0.00168728,84.1964,1.25545e+10
9.9,0.01,0.0016874,84.1926,1.25586e+10
9.91,0.01,0.00168753,84.1889,1.25627e+10
9.92,0.01,0.00168766,84.1852,1.25668e+10
9.93,0.01,0.00168779,84.1814,1.25708e+10
9.94,0.01,0.00168792,84.1777,1.25749e+10
9.95,0.01,0.00168804,84.1739,1.2579e+10
9.96,0.01,0.00168817,84.1702,1.25831e+10
9.97,0.01,0.0016883,84.1664,1.25872e+10
9.98,0.01,0.00168842,84.1627,1.25913e+10
9.99,0.01,0.00168855,84.1589,1.25954e+10
10,0.01,0.00168868,84.1552,1.25995e+10
10.01,0.01,0.00168881,84.1514,1.26035e+10
10.02,0.01,0.00168893,84.1477,1.26076e+10
10.03,0.01,0.00168906,84.1439,1.26117e+10
10.04,0.01,0.00168919,84.1401,1.26158e+10
10.05,0.01,0.00168931,84.1364,1.26199e+10
10.06,0.01,0.00168944,84.1326,1.2624e+10
10.07,0.01,0.00168957,84.1289,1.26281e+10
10.08,0.01,0.00168969,84.1251,1.26322e+10
10.09,0.01,0.00168982,84.1213,1.26363e+10
10.1,0.01,0.00168994,84.1176,1.26404e+10
10.11,0.01,0.00169007,84.1138,1.26445e+10
10.12,0.01,0.0016902,84.11,1.26486e+10
10.13,0.01,0.00169032,84.1063,1.26527e+10
10.14,0.01,0.00169045,84.1025,1.26568e+10
10.15,0.01,0.00169057,84.0987,1.26609e+10
10.16,0.01,0.0016907,84.095,1.2665e+10
10.17,0.01,0.00169083,84.0912,1.26691e+10
10.18,0.01,0.00169095,84.0874,1.26732e+10
10.19,0.01,0.00169108,84.0837,1.26774e+10
10.2,0.01,0.0016912,84.0799,1.26815e+10
10.21,0.01,0.00169133,84.0761,1.26856e+10
10.22,0.01,0.00169145,84.0723,1.26897e+10
10.23,0.01,0.00169158,84.0686,1.26938e+10
10.24,0.01,0.0016917,84.0648,1.26979e+10
10.25,0.01,0.00169183,84.061,1.2702e+10
10.26,0.01,0.00169195,84.0572,1.27061e+10
10.27,0.01,0.00169208,84.0534,1.27103e+10
10.28,0.01,0.0016922,84.0497,1.27144e+10
10.29,0.01,0.00169233,84.0459,1.27185e+10
10.3,0.01,0.00169245,84.0421,1.27226e+10
10.31,0.01,0.00169258,84.0383,1.27267e+10
10.32,0.01,0.0016927,84.0345,1.27309e+10
10.33,0.01,0.00169283,84.0307,1.2735e+10
10.34,0.01,0.00169295,84.0269,1.27391e+10
10.35,0.01,0.00169308,84.0232,1.27432e+10
10.36,0.01,0.0016932,84.0194,1.27474e+10
10.37,0.01,0.00169333,84.0156,1.27515e+10
10.38,0.01,0.00169345,84.0118,1.27556e+10
10.39,0.01,0.00169357,84.008,1.27597e+10
10.4,0.01,0.0016937,84.0042,1.27639e+10
10.41,0.01,0.00169382,84.0004,1.2768e+10
10.42,0.01,0.00169395,83.9966,1.27721e+10
10.43,0.01,0.00169407,83.9928,1.27763e+10
10.44,0.01,0.00169419,83.989,1.27804e+10
10.45,0.01,0.00169432,83.9852,1.27845e+10
10.46,0.01,0.00169444,83.9814,1.27887e+10
10.47,0.01,0.00169456,83.9776,1.27928e+10
10.48,0.01,0.00169469,83.9738,1.27969e+10
10.49,0.01,0.00169481,83.97,1.28011e+10
10.5,0.01,0.00169493,83.9662,1.28052e+10
10.51,0.01,0.00169506,83.9624,1.28093e+10
10.52,0.01,0.00169518,83.9586,1.28135e+10
10.53,0.01,0.0016953,83.9548,1.28176e+10
10.54,0.01,0.00169543,83.951,1.28218e+10
10.55,0.01,0.00169555,83.9472,1.28259e+10
10.56,0.01,0.00169567,83.9434,1.283e+10
10.57,0.01,0.0016958,83.9395,1.28342e+10
10.58,0.01,0.00169592,83.9357,1.28383e+10
10.59,0.01,0.00169604,83.9319,1.28425e+10
10.6,0.01,0.00169616,83.9281,1.28466e+10
10.61,0.01,0.00169629,83.9243,1.28508e+10
10.62,0.01,0.00169641,83.9205,1.28549e+10
10.63,0.01,0.00169653,83.9167,1.28591e+10
10.64,0.01,0.00169665,83.9128,1.28632e+10
10.65,0.01,0.00169677,83.909,1.28674e+10
10.66,0.01,0.0016969,83.9052,1.28715e+10
10.67,0.01,0.00169702,83.9014,1.28757e+10
10.68,0.01,0.00169714,83.8976,1.28798e+10
10.69,0.01,0.00169726,83.8937,1.2884e+10
10.7,0.01,0.00169738,83.8899,1.28882e+10
10.71,0.01,0.00169751,83.8861,1.28923e+10
10.72,0.01,0.00169763,83.8823,1.28965e+10
10.73,0.01,0.00169775,83.8784,1.29006e+10
10.74,0.01,0.00169787,83.8746,1.29048e+10
10.75,0.01,0.00169799,83.8708,1.2909e+10
10.76,0.01,0.00169811,83.867,1.29131e+10
10.77,0.01,0.00169823,83.8631,1.29173e+10
10.78,0.01,0.00169836,83.8593,1.29214e+10
10.79,0.01,0.00169848,83.8555,1.29256e+10
10.8,0.01,0.0016986,83.8516,1.29298e+10
10.81,0.01,0.00169872,83.8478,1.29339e+10
10.82,0.01,0.00169884,83.844,1.29381e+10
10.83,0.01,0.00169896,83.8401,1.29423e+10
10.84,0.01,0.00169908,83.8363,1.29464e+10
10.85,0.01,0.0016992,83.8325,1.29506e+10
10.86,0.01,0.00169932,83.8286,1.29548e+10
10.87,0.01,0.00169944,83.8248,1.2959e+10
10.88,0.01,0.00169956,83.8209,1.29631e+10
10.89,0.01,0.00169968,83.8171,1.29673e+10
10.9,0.01,0.0016998,83.8132,1.29715e+10
10.91,0.01,0.00169992,83.8094,1.29757e+10
10.92,0.01,0.00170004,83.8056,1.29798e+10
10.93,0.01,0.00170017,83.8017,1.2984e+10
10.94,0.01,0.00170029,83.7979,1.29882e+10
10.95,0.01,0.0017004,83.794,1.29924e+10
10.96,0.01,0.00170052,83.7902,1.29966e+10
10.97,0.01,0.00170064,83.7863,1.30007e+10
10.98,0.01,0.00170076,83.7825,1.30049e+10
10.99,0.01,0.00170088,83.7786,1.30091e+10
11,0.01,0.001701,83.7748,1.30133e+10
11.01,0.01,0.00170112,83.7709,1.30175e+10
11.02,0.01,0.00170124,83.7671,1.30217e+10
11.03,0.01,0.00170136,83.7632,1.30258e+10
11.04,0.01,0.00170148,83.7594,1.303e+10
11.05,0.01,0.0017016,83.7555,1.30342e+10
11.06,0.01,0.00170172,83.7517,1.30384e+10
11.07,0.01,0.00170184,83.7478,1.30426e+10
11.08,0.01,0.00170196,83.7439,1.30468e+10
11.09,0.01,0.00170208,83.7401,1.3051e+10
11.1,0.01,0.00170219,83.7362,1.30552e+10
11.11,0.01,0.00170231,83.7324,1.30594e+10
11.12,0.01,0.00170243,83.7285,1.30636e+10
11.13,0.01,0.00170255,83.7246,1.30678e+10
11.14,0.01,0.00170267,83.7208,1.3072e+10
11.15,0.01,0.00170279,83.7169,1.30762e+10
11.16,0.01,0.00170291,83.713,1.30804e+10
11.17,0.01,0.00170302,83.7092,1.30846e+10
11.18,0.01,0.00170314,83.7053,1.30888e+10
11.19,0.01,0.00170326,83.7014,1.3093e+10
11.2,0.01,0.00170338,83.6976,1.30972e+10
11.21,0.01,0.0017035,83.6937,1.31014e+10
11.22,0.01,0.00170361,83.6898,1.31056e+10
11.23,0.01,0.00170373,83.686,1.31098e+10
11.24,0.01,0.00170385,83.6821,1.3114e+10
11.25,0.01,0.00170397,83.6782,1.31182e+10
11.26,0.01,0.00170409,83.6743,1.31224e+10
11.27,0.01,0.0017042,83.6705,1.31266e+10
11.28,0.01,0.00170432,83.6666,1.31308e+10
11.29,0.01,0.00170444,83.6627,1.3135e+10
11.3,0.01,0.00170455,83.6588,1.31393e+10
11.31,0.01,0.00170467,83.6549,1.31435e+10
11.32,0.01,0.00170479,83.6511,1.31477e+10
11.33,0.01,0.00170491,83.6472,1.31519e+10
11.34,0.01,0.00170502,83.6433,1.31561e+10
11.35,0.01,0.00170514,83.6394,1.31603e+10
11.36,0.01,0.00170526,83.6355,1.31646e+10
11.37,0.01,0.00170537,83.6317,1.31688e+10
11.38,0.01,0.00170549,83.6278,1.3173e+10
11.39,0.01,0.00170561,83.6239,1.31772e+10
11.4,0.01,0.00170572,83.62,1.31814e+10
11.41,0.01,0.00170584,83.6161,1.31857e+10
11.42,0.01,0.00170596,83.6122,1.31899e+10
11.43,0.01,0.00170607,83.6083,1.31941e+10
11.44,0.01,0.00170619,83.6044,1.31983e+10
11.45,0.01,0.0017063,83.6006,1.32026e+10
11.46,0.01,0.00170642,83.5967,1.32068e+10
11.47,0.01,0.00170654,83.5928,1.3211e+10
11.48,0.01,0.00170665,83.5889,1.32152e+10
11.49,0.01,0.00170677,83.585,1.32195e+10
11.5,0.01,0.00170688,83.5811,1.32237e+10
11.51,0.01,0.001707,83.5772,1.32279e+10
11.52,0.01,0.00170712,83.5733,1.32322e+10
11.53,0.01,0.00170723,83.5694,1.32364e+10
11.54,0.01,0.00170735,83.5655,1.32406e+10
11.55,0.01,0.00170746,83.5616,1.32449e+10
11.56,0.01,0.00170758,83.5577,1.32491e+10
11.57,0.01,0.00170769,83.5538,1.32533e+10
11.58,0.01,0.00170781,83.5499,1.32576e+10
11.59,0.01,0.00170792,83.546,1.32618e+10
11.6,0.01,0.00170804,83.5421,1.32661e+10
11.61,0.01,0.00170815,83.5382,1.32703e+10
11.62,0.01,0.00170827,83.5343,1.32745e+10
11.63,0.01,0.00170838,83.5304,1.32788e+10
11.64,0.01,0.0017085,83.5265,1.3283e+10
11.65,0.01,0.00170861,83.5226,1.32873e+10
11.66,0.01,0.00170873,83.5187,1.32915e+10
11.67,0.01,0.00170884,83.5148,1.32958e+10
11.68,0.01,0.00170895,83.5108,1.33e+10
11.69,0.01,0.00170907,83.5069,1.33042e+10
11.7,0.01,0.00170918,83.503,1.33085e+10
11.71,0.01,0.0017093,83.4991,1.33127e+10
11.72,0.01,0.00170941,83.4952,1.3317e+10
11.73,0.01,0.00170953,83.4913,1.33212e+10
11.74,0.01,0.00170964,83.4874,1.33255e+10
11.75,0.01,0.00170975,83.4835,1.33298e+10
11.76,0.01,0.00170987,83.4795,1.3334e+10
11.77,0.01,0.00170998,83.4756,1.33383e+10
11.78,0.01,0.00171009,83.4717,1.33425e+10
11.79,0.01,0.00171021,83.4678,1.33468e+10
11.8,0.01,0.00171032,83.4639,1.3351e+10
11.81,0.01,0.00171043,83.4599,1.33553e+10
11.82,0.01,0.00171055,83.456,1.33596e+10
11.83,0.01,0.00171066,83.4521,1.33638e+10
11.84,0.01,0.00171077,83.4482,1.33681e+10
11.85,0.01,0.00171089,83.4443,1.33723e+10
11.86,0.01,0.001711,83.4403,1.33766e+10
11.87,0.01,0.00171111,83.4364,1.33809e+10
11.88,0.01,0.00171123,83.4325,1.33851e+10
11.89,0.01,0.00171134,83.4286,1.33894e+10
11.9,0.01,0.00171145,83.4246,1.33937e+10
11.91,0.01,0.00171156,83.4207,1.33979e+10
11.92,0.01,0.00171168,83.4168,1.34022e+10
11.93,0.01,0.00171179,83.4128,1.34065e+10
11.94,0.01,0.0017119,83.4089,1.34107e+10
11.95,0.01,0.00171201,83.405,1.3415e+10
11.96,0.01,0.00171213,83.4011,1.34193e+10
11.97,0.01,0.00171224,83.3971,1.34236e+10
11.98,0.01,0.00171235,83.3932,1.34278e+10
11.99,0.01,0.00171246,83.3893,1.34321e+10
12,0.01,0.00171257,83.3853,1.34364e+10
12.01,0.01,0.00171269,83.3814,1.34407e+10
12.02,0.01,0.0017128,83.3774,1.34449e+10
12.03,0.01,0.00171291,83.3735,1.34492e+10
12.04,0.01,0.00171302,83.3696,1.34535e+10
12.05,0.01,0.00171313,83.3656,1.34578e+10
12.06,0.01,0.00171324,83.3617,1.34621e+10
12.07,0.01,0.00171336,83.3578,1.34663e+10
12.08,0.01,0.00171347,83.3538,1.34706e+10
12.09,0.01,0.00171358,83.3499,1.34749e+10
12.1,0.01,0.00171369,83.3459,1.34792e+10
12.11,0.01,0.0017138,83.342,1.34835e+10
12.12,0.01,0.00171391,83.338,1.34878e+10
12.13,0.01,0.00171402,83.3341,1.3492e+10
12.14,0.01,0.00171413,83.3302,1.34963e+10
12.15,0.01,0.00171424,83.3262,1.35006e+10
12.16,0.01,0.00171435,83.3223,1.35049e+10
12.17,0.01,0.00171447,83.3183,1.35092e+10
12.18,0.01,0.00171458,83.3144,1.35135e+10
12.19,0.01,0.00171469,83.3104,1.35178e+10
12.2,0.01,0.0017148,83.3065,1.35221e+10
12.21,0.01,0.00171491,83.3025,1.35264e+10
12.22,0.01,0.00171502,83.2986,1.35307e+10
12.23,0.01,0.00171513,83.2946,1.3535e+10
12.24,0.01,0.00171524,83.2907,1.35393e+10
12.25,0.01,0.00171535,83.2867,1.35436e+10
12.26,0.01,0.00171546,83.2828,1.35479e+10
12.27,0.01,0.00171557,83.2788,1.35522e+10
12.28,0.01,0.00171568,83.2748,1.35565e+10
12.29,0.01,0.00171579,83.2709,1.35608e+10
12.3,0.01,0.0017159,83.2669,1.35651e+10
12.31,0.01,0.00171601,83.263,1.35694e+10
12.32,0.01,0.00171612,83.259,1.35737e+10
12.33,0.01,0.00171622,83.2551,1.3578e+10
12.34,0.01,0.00171633,83.2511,1.35823e+10
12.35,0.01,0.00171644,83.2471,1.35866e+10
12.36,0.01,0.00171655,83.2432,1.35909e+10
12.37,0.01,0.00171666,83.2392,1.35952e+10
12.38,0.01,0.00171677,83.2353,1.35995e+10
12.39,0.01,0.00171688,83.2313,1.36038e+10
12.4,0.01,0.00171699,83.2273,1.36081e+10
12.41,0.01,0.0017171,83.2234,1.36124e+10
12.42,0.01,0.00171721,83.2194,1.36168e+10
12.43,0.01,0.00171731,83.2154,1.36211e+10
12.44,0.01,0.00171742,83.2115,1.36254e+10
12.45,0.01,0.00171753,83.2075,1.36297e+10
12.46,0.01,0.00171764,83.2035,1.3634e+10
12.47,0.01,0.00171775,83.1996,1.36383e+10
12.48,0.01,0.00171786,83.1956,1.36427e+10
12.49,0.01,0.00171796,83.1916,1.3647e+10
12.5,0.01,0.00171807,83.1876,1.36513e+10
12.51,0.01,0.00171818,83.1837,1.36556e+10
12.52,0.01,0.00171829,83.1797,1.36599e+10
12.53,0.01,0.0017184,83.1757,1.36643e+10
12.54,0.01,0.0017185,83.1718,1.36686e+10
12.55,0.01,0.00171861,83.1678,1.36729e+10
12.56,0.01,0.00171872,83.1638,1.36772e+10
12.57,0.01,0.00171883,83.1598,1.36816e+10
12.58,0.01,0.00171893,83.1559,1.36859e+10
12.59,0.01,0.00171904,83.1519,1.36902e+10
12.6,0.01,0.00171915,83.1479,1.36945e+10
12.61,0.01,0.00171926,83.1439,1.36989e+10
12.62,0.01,0.00171936,83.1399,1.37032e+10
12.63,0.01,0.00171947,83.136,1.37075e+10
12.64,0.01,0.00171958,83.132,1.37119e+10
12.65,0.01,0.00171968,83.128,1.37162e+10
12.66,0.01,0.00171979,83.124,1.37205e+10
12.67,0.01,0.0017199,83.12,1.37249e+10
12.68,0.01,0.00172,83.1161,1.37292e+10
12.69,0.01,0.00172011,83.1121,1.37335e+10
12.7,0.01,0.00172022,83.1081,1.37379e+10
12.71,0.01,0.00172032,83.1041,1.37422e+10
12.72,0.01,0.00172043,83.1001,1.37466e+10
12.73,0.01,0.00172054,83.0961,1.37509e+10
12.74,0.01,0.00172064,83.0922,1.37552e+10
12.75,0.01,0.00172075,83.0882,1.37596e+10
12.76,0.01,0.00172085,83.0842,1.37639e+10
12.77,0.01,0.00172096,83.0802,1.37683e+10
12.78,0.01,0.00172107,83.0762,1.37726e+10
12.79,0.01,0.00172117,83.0722,1.3777e+10
12.8,0.01,0.00172128,83.0682,1.37813e+10
12.81,0.01,0.00172138,83.0642,1.37856e+10
12.82,0.01,0.00172149,83.0602,1.379e+10
12.83,0.01,0.00172159,83.0562,1.37943e+10
12.84,0.01,0.0017217,83.0522,1.37987e+10
12.85,0.01,0.0017218,83.0483,1.3803e+10
12.86,0.01,0.00172191,83.0443,1.38074e+10
12.87,0.01,0.00172201,83.0403,1.38117e+10
12.88,0.01,0.00172212,83.0363,1.38161e+10
12.89,0.01,0.00172222,83.0323,1.38205e+10
12.9,0.01,0.00172233,83.0283,1.38248e+10
12.91,0.01,0.00172243,83.0243,1.38292e+10
12.92,0.01,0.00172254,83.0203,1.38335e+10
12.93,0.01,0.00172264,83.0163,1.38379e+10
12.94,0.01,0.00172275,83.0123,1.38422e+10
12.95,0.01,0.00172285,83.0083,1.38466e+10
12.96,0.01,0.00172296,83.0043,1.3851e+10
12.97,0.01,0.00172306,83.0003,1.38553e+10
12.98,0.01,0.00172317,82.9963,1.38597e+10
12.99,0.01,0.00172327,82.9923,1.3864e+10
13,0.01,0.00172337,82.9883,1.38684e+10
13.01,0.01,0.00172348,82.9843,1.38728e+10
13.02,0.01,0.00172358,82.9803,1.38771e+10
13.03,0.01,0.00172369,82.9763,1.38815e+10
13.04,0.01,0.00172379,82.9723,1.38859e+10
13.05,0.01,0.00172389,82.9682,1.38902e+10
13.06,0.01,0.001724,82.9642,1.38946e+10
13.07,0.01,0.0017241,82.9602,1.3899e+10
13.08,0.01,0.0017242,82.9562,1.39033e+10
13.09,0.01,0.00172431,82.9522,1.39077e+10
13.1,0.01,0.00172441,82.9482,1.39121e+10
13.11,0.01,0.00172451,82.9442,1.39165e+10
13.12,0.01,0.00172462,82.9402,1.39208e+10
13.13,0.01,0.00172472,82.9362,1.39252e+10
13.14,0.01,0.00172482,82.9322,1.39296e+10
13.15,0.01,0.00172493,82.9282,1.3934e+10
13.16,0.01,0.00172503,82.9241,1.39383e+10
13.17,0.01,0.00172513,82.9201,1.39427e+10
13.18,0.01,0.00172524,82.9161,1.39471e+10
13.19,0.01,0.00172534,82.9121,1.39515e+10
13.2,0.01,0.00172544,82.9081,1.39558e+10
13.21,0.01,0.00172554,82.9041,1.39602e+10
13.22,0.01,0.00172565,82.9001,1.39646e+10
13.23,0.01,0.00172575,82.896,1.3969e+10
13.24,0.01,0.00172585,82.892,1.39734e+10
13.25,0.01,0.00172595,82.888,1.39778e+10
13.26,0.01,0.00172605,82.884,1.39821e+10
13.27,0.01,0.00172616,82.88,1.39865e+10
13.28,0.01,0.00172626,82.8759,1.39909e+10
13.29,0.01,0.00172636,82.8719,1.39953e+10
13.3,0.01,0.00172646,82.8679,1.39997e+10
13.31,0.01,0.00172656,82.8639,1.40041e+10
13.32,0.01,0.00172667,82.8599,1.40085e+10
13.33,0.01,0.00172677,82.8558,1.40129e+10
13.34,0.01,0.00172687,82.8518,1.40173e+10
13.35,0.01,0.00172697,82.8478,1.40217e+10
13.36,0.01,0.00172707,82.8438,1.4026e+10
13.37,0.01,0.00172717,82.8397,1.40304e+10
13.38,0.01,0.00172727,82.8357,1.40348e+10
13.39,0.01,0.00172737,82.8317,1.40392e+10
13.4,0.01,0.00172748,82.8277,1.40436e+10
13.41,0.01,0.00172758,82.8236,1.4048e+10
13.42,0.01,0.00172768,82.8196,1.40524e+10
13.43,0.01,0.00172778,82.8156,1.40568e+10
13.44,0.01,0.00172788,82.8116,1.40612e+10
13.45,0.01,0.00172798,82.8075,1.40656e+10
13.46,0.01,0.00172808,82.8035,1.407e+10
13.47,0.01,0.00172818,82.7995,1.40744e+10
13.48,0.01,0.00172828,82.7954,1.40788e+10
13.49,0.01,0.00172838,82.7914,1.40832e+10
13.5,0.01,0.00172848,82.7874,1.40876e+10
13.51,0.01,0.00172858,82.7833,1.40921e+10
13.52,0.01,0.00172868,82.7793,1.40965e+10
13.53,0.01,0.00172878,82.7753,1.41009e+10
13.54,0.01,0.00172888,82.7712,1.41053e+10
13.55,0.01,0.00172898,82.7672,1.41097e+10
13.56,0.01,0.00172908,82.7632,1.41141e+10
13.57,0.01,0.00172918,82.7591,1.41185e+10
13.58,0.01,0.00172928,82.7551,1.41229e+10
13.59,0.01,0.00172938,82.7511,1.41273e+10
13.6,0.01,0.00172948,82.747,1.41317e+10
13.61,0.01,0.00172958,82.743,1.41362e+10
13.62,0.01,0.00172968,82.739,1.41406e+10
13.63,0.01,0.00172978,82.7349,1.4145e+10
13.64,0.01,0.00172988,82.7309,1.41494e+10
13.65,0.01,0.00172997,82.7268,1.41538e+10
13.66,0.01,0.00173007,82.7228,1.41583e+10
13.67,0.01,0.00173017,82.7188,1.41627e+10
13.68,0.01,0.00173027,82.7147,1.41671e+10
13.69,0.01,0.00173037,82.7107,1.41715e+10
13.7,0.01,0.00173047,82.7066,1.41759e+10
13.71,0.01,0.00173057,82.7026,1.41804e+10
13.72,0.01,0.00173066,82.6985,1.41848e+10
13.73,0.01,0.00173076,82.6945,1.41892e+10
13.74,0.01,0.00173086,82.6905,1.41936e+10
13.75,0.01,0.00173096,82.6864,1.41981e+10
13.76,0.01,0.00173106,82.6824,1.42025e+10
13.77,0.01,0.00173116,82.6783,1.42069e+10
13.78,0.01,0.00173125,82.6743,1.42113e+10
13.79,0.01,0.00173135,82.6702,1.42158e+10
13.8,0.01,0.00173145,82.6662,1.42202e+10
13.81,0.01,0.00173155,82.6621,1.42246e+10
13.82,0.01,0.00173164,82.6581,1.42291e+10
13.83,0.01,0.00173174,82.654,1.42335e+10
13.84,0.01,0.00173184,82.65,1.42379e+10
13.85,0.01,0.00173194,82.6459,1.42424e+10
13.86,0.01,0.00173203,82.6419,1.42468e+10
13.87,0.01,0.00173213,82.6378,1.42512e+10
13.88,0.01,0.00173223,82.6338,1.42557e+10
13.89,0.01,0.00173233,82.6297,1.42601e+10
13.9,0.01,0.00173242,82.6257,1.42646e+10
13.91,0.01,0.00173252,82.6216,1.4269e+10
13.92,0.01,0.00173262,82.6176,1.42734e+10
13.93,0.01,0.00173271,82.6135,1.42779e+10
13.94,0.01,0.00173281,82.6095,1.42823e+10
13.95,0.01,0.00173291,82.6054,1.42868e+10
13.96,0.01,0.001733,82.6014,1.42912e+10
13.97,0.01,0.0017331,82.5973,1.42956e+10
13.98,0.01,0.0017332,82.5933,1.43001e+10
13.99,0.01,0.00173329,82.5892,1.43045e+10
14,0.01,0.00173339,82.5851,1.4309e+10
14.01,0.01,0.00173348,82.5811,1.43134e+10
14.02,0.01,0.00173358,82.577,1.43179e+10
14.03,0.01,0.00173368,82.573,1.43223e+10
14.04,0.01,0.00173377,82.5689,1.43268e+10
14.05,0.01,0.00173387,82.5648,1.43312e+10
14.06,0.01,0.00173396,82.5608,1.43357e+10
14.07,0.01,0.00173406,82.5567,1.43401e+10
14.08,0.01,0.00173416,82.5527,1.43446e+10
14.09,0.01,0.00173425,82.5486,1.4349e+10
14.1,0.01,0.00173435,82.5445,1.43535e+10
14.11,0.01,0.00173444,82.5405,1.4358e+10
14.12,0.01,0.00173454,82.5364,1.43624e+10
14.13,0.01,0.00173463,82.5324,1.43669e+10
14.14,0.01,0.00173473,82.5283,1.43713e+10
14.15,0.01,0.00173482,82.5242,1.43758e+10
14.16,0.01,0.00173492,82.5202,1.43802e+10
14.17,0.01,0.00173501,82.5161,1.43847e+10
14.18,0.01,0.00173511,82.512,1.43892e+10
14.19,0.01,0.0017352,82.508,1.43936e+10
14.2,0.01,0.0017353,82.5039,1.43981e+10
14.21,0.01,0.00173539,82.4998,1.44026e+10
14.22,0.01,0.00173548,82.4958,1.4407e+10
14.23,0.01,0.00173558,82.4917,1.44115e+10
14.24,0.01,0.00173567,82.4876,1.44159e+10
14.25,0.01,0.00173577,82.4836,1.44204e+10
14.26,0.01,0.00173586,82.4795,1.44249e+10
14.27,0.01,0.00173596,82.4754,1.44294e+10
14.28,0.01,0.00173605,82.4714,1.44338e+10
14.29,0.01,0.00173614,82.4673,1.44383e+10
14.3,0.01,0.00173624,82.4632,1.44428e+10
14.31,0.01,0.00173633,82.4592,1.44472e+10
14.32,0.01,0.00173642,82.4551,1.44517e+10
14.33,0.01,0.00173652,82.451,1.44562e+10
14.34,0.01,0.00173661,82.447,1.44607e+10
14.35,0.01,0.0017367,82.4429,1.44651e+10
14.36,0.01,0.0017368,82.4388,1.44696e+10
14.37,0.01,0.00173689,82.4347,1.44741e+10
14.38,0.01,0.00173698,82.4307,1.44786e+10
14.39,0.01,0.00173708,82.4266,1.4483e+10
14.4,0.01,0.00173717,82.4225,1.44875e+10
14.41,0.01,0.00173726,82.4184,1.4492e+10
14.42,0.01,0.00173736,82.4144,1.44965e+10
14.43,0.01,0.00173745,82.4103,1.4501e+10
14.44,0.01,0.00173754,82.4062,1.45054e+10
14.45,0.01,0.00173763,82.4021,1.45099e+10
14.46,0.01,0.00173773,82.3981,1.45144e+10
14.47,0.01,0.00173782,82.394,1.45189e+10
14.48,0.01,0.00173791,82.3899,1.45234e+10
14.49,0.01,0.001738,82.3858,1.45279e+10
14.5,0.01,0.0017381,82.3818,1.45324e+10
14.51,0.01,0.00173819,82.3777,1.45368e+10
14.52,0.01,0.00173828,82.3736,1.45413e+10
14.53,0.01,0.00173837,82.3695,1.45458e+10
14.54,0.01,0.00173846,82.3654,1.45503e+10
14.55,0.01,0.00173856,82.3614,1.45548e+10
14.56,0.01,0.00173865,82.3573,1.45593e+10
14.57,0.01,0.00173874,82.3532,1.45638e+10
14.58,0.01,0.00173883,82.3491,1.45683e+10
14.59,0.01,0.00173892,82.345,1.45728e+10
14.6,0.01,0.00173901,82.341,1.45773e+10
14.61,0.01,0.0017391,82.3369,1.45818e+10
14.62,0.01,0.0017392,82.3328,1.45863e+10
14.63,0.01,0.00173929,82.3287,1.45908e+10
14.64,0.01,0.00173938,82.3246,1.45953e+10
14.65,0.01,0.00173947,82.3205,1.45998e+10
14.66,0.01,0.00173956,82.3165,1.46043e+10
14.67,0.01,0.00173965,82.3124,1.46088e+10
14.68,0.01,0.00173974,82.3083,1.46133e+10
14.69,0.01,0.00173983,82.3042,1.46178e+10
14.7,0.01,0.00173992,82.3001,1.46223e+10
14.71,0.01,0.00174001,82.296,1.46268e+10
14.72,0.01,0.0017401,82.2919,1.46313e+10
14.73,0.01,0.00174019,82.2879,1.46358e+10
14.74,0.01,0.00174028,82.2838,1.46403e+10
14.75,0.01,0.00174037,82.2797,1.46448e+10
14.76,0.01,0.00174046,82.2756,1.46493e+10
14.77,0.01,0.00174055,82.2715,1.46538e+10
14.78,0.01,0.00174064,82.2674,1.46583e+10
14.79,0.01,0.00174073,82.2633,1.46628e+10
14.8,0.01,0.00174082,82.2592,1.46673e+10
14.81,0.01,0.00174091,82.2552,1.46718e+10
14.82,0.01,0.001741,82.2511,1.46764e+10
14.83,0.01,0.00174109,82.247,1.46809e+10
14.84,0.01,0.00174118,82.2429,1.46854e+10
14.85,0.01,0.00174127,82.2388,1.46899e+10
14.86,0.01,0.00174136,82.2347,1.46944e+10
14.87,0.01,0.00174145,82.2306,1.46989e+10
14.88,0.01,0.00174154,82.2265,1.47034e+10
14.89,0.01,0.00174163,82.2224,1.4708e+10
14.9,0.01,0.00174172,82.2183,1.47125e+10
14.91,0.01,0.00174181,82.2143,1.4717e+10
14.92,0.01,0.00174189,82.2102,1.47215e+10
14.93,0.01,0.00174198,82.2061,1.4726e+10
14.94,0.01,0.00174207,82.202,1.47306e+10
14.95,0.01,0.00174216,82.1979,1.47351e+10
14.96,0.01,0.00174225,82.1938,1.47396e+10
14.97,0.01,0.00174234,82.1897,1.47441e+10
14.98,0.01,0.00174243,82.1856,1.47486e+10
14.99,0.01,0.00174251,82.1815,1.47532e+10
15,0.01,0.0017426,82.1774,1.47577e+10
15.01,0.01,0.00174269,82.1733,1.47622e+10
15.02,0.01,0.00174278,82.1692,1.47668e+10
15.03,0.01,0.00174287,82.1651,1.47713e+10
15.04,0.01,0.00174295,82.161,1.47758e+10
15.05,0.01,0.00174304,82.1569,1.47803e+10
15.06,0.01,0.00174313,82.1528,1.47849e+10
15.07,0.01,0.00174322,82.1487,1.47894e+10
15.08,0.01,0.0017433,82.1446,1.47939e+10
15.09,0.01,0.00174339,82.1405,1.47985e+10
15.1,0.01,0.00174348,82.1364,1.4803e+10
15.11,0.01,0.00174357,82.1323,1.48075e+10
15.12,0.01,0.00174365,82.1282,1.48121e+10
15.13,0.01,0.00174374,82.1241,1.48166e+10
15.14,0.01,0.00174383,82.12,1.48211e+10
15.15,0.01,0.00174391,82.1159,1.48257e+10
15.16,0.01,0.001744,82.1118,1.48302e+10
15.17,0.01,0.00174409,82.1077,1.48348e+10
15.18,0.01,0.00174417,82.1036,1.48393e+10
15.19,0.01,0.00174426,82.0995,1.48438e+10
15.2,0.01,0.00174435,82.0954,1.48484e+10
15.21,0.01,0.00174443,82.0913,1.48529e+10
15.22,0.01,0.00174452,82.0872,1.48575e+10
15.23,0.01,0.00174461,82.0831,1.4862e+10
15.24,0.01,0.00174469,82.079,1.48666e+10
15.25,0.01,0.00174478,82.0749,1.48711e+10
15.26,0.01,0.00174486,82.0708,1.48756e+10
15.27,0.01,0.00174495,82.0667,1.48802e+10
15.28,0.01,0.00174504,82.0626,1.48847e+10
15.29,0.01,0.00174512,82.0585,1.48893e+10
15.3,0.01,0.00174521,82.0544,1.48938e+10
15.31,0.01,0.00174529,82.0503,1.48984e+10
15.32,0.01,0.00174538,82.0462,1.49029e+10
15.33,0.01,0.00174546,82.0421,1.49075e+10
15.34,0.01,0.00174555,82.038,1.4912e+10
15.35,0.01,0.00174563,82.0339,1.49166e+10
15.36,0.01,0.00174572,82.0298,1.49211e+10
15.37,0.01,0.0017458,82.0257,1.49257e+10
15.38,0.01,0.00174589,82.0216,1.49302e+10
15.39,0.01,0.00174597,82.0175,1.49348e+10
15.4,0.01,0.00174606,82.0134,1.49394e+10
15.41,0.01,0.00174614,82.0093,1.49439e+10
15.42,0.01,0.00174623,82.0051,1.49485e+10
15.43,0.01,0.00174631,82.001,1.4953e+10
15.44,0.01,0.0017464,81.9969,1.49576e+10
15.45,0.01,0.00174648,81.9928,1.49622e+10
15.46,0.01,0.00174657,81.9887,1.49667e+10
15.47,0.01,0.00174665,81.9846,1.49713e+10
15.48,0.01,0.00174674,81.9805,1.49758e+10
15.49,0.01,0.00174682,81.9764,1.49804e+10
15.5,0.01,0.0017469,81.9723,1.4985e+10
15.51,0.01,0.00174699,81.9682,1.49895e+10
15.52,0.01,0.00174707,81.9641,1.49941e+10
15.53,0.01,0.00174716,81.96,1.49987e+10
15.54,0.01,0.00174724,81.9558,1.50032e+10
15.55,0.01,0.00174732,81.9517,1.50078e+10
15.56,0.01,0.00174741,81.9476,1.50124e+10
15.57,0.01,0.00174749,81.9435,1.50169e+10
15.58,0.01,0.00174757,81.9394,1.50215e+10
15.59,0.01,0.00174766,81.9353,1.50261e+10
15.6,0.01,0.00174774,81.9312,1.50306e+10
15.61,0.01,0.00174782,81.9271,1.50352e+10
15.62,0.01,0.00174791,81.923,1.50398e+10
15.63,0.01,0.00174799,81.9188,1.50444e+10
15.64,0.01,0.00174807,81.9147,1.50489e+10
15.65,0.01,0.00174815,81.9106,1.50535e+10
15.66,0.01,0.00174824,81.9065,1.50581e+10
15.67,0.01,0.00174832,81.9024,1.50627e+10
15.68,0.01,0.0017484,81.8983,1.50672e+10
15.69,0.01,0.00174848,81.8942,1.50718e+10
15.7,0.01,0.00174857,81.8901,1.50764e+10
15.71,0.01,0.00174865,81.8859,1.5081e+10
15.72,0.01,0.00174873,81.8818,1.50856e+10
15.73,0.01,0.00174881,81.8777,1.50901e+10
15.74,0.01,0.0017489,81.8736,1.50947e+10
15.75,0.01,0.00174898,81.8695,1.50993e+10
15.76,0.01,0.00174906,81.8654,1.51039e+10
15.77,0.01,0.00174914,81.8613,1.51085e+10
15.78,0.01,0.00174922,81.8571,1.5113e+10
15.79,0.01,0.0017493,81.853,1.51176e+10
15.8,0.01,0.00174939,81.8489,1.51222e+10
15.81,0.01,0.00174947,81.8448,1.51268e+10
15.82,0.01,0.00174955,81.8407,1.51314e+10
15.83,0.01,0.00174963,81.8366,1.5136e+10
15.84,0.01,0.00174971,81.8325,1.51406e+10
15.85,0.01,0.00174979,81.8283,1.51452e+10
15.86,0.01,0.00174987,81.8242,1.51497e+10
15.87,0.01,0.00174996,81.8201,1.51543e+10
15.88,0.01,0.00175004,81.816,1.51589e+10
15.89,0.01,0.00175012,81.8119,1.51635e+10
15.9,0.01,0.0017502,81.8078,1.51681e+10
15.91,0.01,0.00175028,81.8036,1.51727e+10
15.92,0.01,0.00175036,81.7995,1.51773e+10
15.93,0.01,0.00175044,81.7954,1.51819e+10
15.94,0.01,0.00175052,81.7913,1.51865e+10
15.95,0.01,0.0017506,81.7872,1.51911e+10
15.96,0.01,0.00175068,81.783,1.51957e+10
15.97,0.01,0.00175076,81.7789,1.52003e+10
15.98,0.01,0.00175084,81.7748,1.52049e+10
15.99,0.01,0.00175092,81.7707,1.52095e+10
16,0.01,0.001751,81.7666,1.52141e+10
16.01,0.01,0.00175108,81.7625,1.52187e+10
16.02,0.01,0.00175116,81.7583,1.52233e+10
16.03,0.01,0.00175124,81.7542,1.52279e+10
16.04,0.01,0.00175132,81.7501,1.52325e+10
16.05,0.01,0.0017514,81.746,1.52371e+10
16.06,0.01,0.00175148,81.7419,1.52417e+10
16.07,0.01,0.00175156,81.7377,1.52463e+10
16.08,0.01,0.00175164,81.7336,1.52509e+10
16.09,0.01,0.00175172,81.7295,1.52555e+10
16.1,0.01,0.0017518,81.7254,1.52601e+10
16.11,0.01,0.00175187,81.7213,1.52647e+10
16.12,0.01,0.00175195,81.7171,1.52693e+10
16.13,0.01,0.00175203,81.713,1.5274e+10
16.14,0.01,0.00175211,81.7089,1.52786e+10
16.15,0.01,0.00175219,81.7048,1.52832e+10
16.16,0.01,0.00175227,81.7007,1.52878e+10
16.17,0.01,0.00175235,81.6965,1.52924e+10
16.18,0.01,0.00175242,81.6924,1.5297e+10
16.19,0.01,0.0017525,81.6883,1.53016e+10
16.2,0.01,0.00175258,81.6842,1.53062e+10
16.21,0.01,0.00175266,81.68,1.53109e+10
16.22,0.01,0.00175274,81.6759,1.53155e+10
16.23,0.01,0.00175282,81.6718,1.53201e+10
16.24,0.01,0.00175289,81.6677,1.53247e+10
16.25,0.01,0.00175297,81.6636,1.53293e+10
16.26,0.01,0.00175305,81.6594,1.53339e+10
16.27,0.01,0.00175313,81.6553,1.53386e+10
16.28,0.01,0.0017532,81.6512,1.53432e+10
16.29,0.01,0.00175328,81.6471,1.53478e+10
16.3,0.01,0.00175336,81.6429,1.53524e+10
16.31,0.01,0.00175344,81.6388,1.5357e+10
16.32,0.01,0.00175351,81.6347,1.53617e+10
16.33,0.01,0.00175359,81.6306,1.53663e+10
16.34,0.01,0.00175367,81.6265,1.53709e+10
16.35,0.01,0.00175375,81.6223,1.53755e+10
16.36,0.01,0.00175382,81.6182,1.53802e+10
16.37,0.01,0.0017539,81.6141,1.53848e+10
16.38,0.01,0.00175398,81.61,1.53894e+10
16.39,0.01,0.00175405,81.6058,1.5394e+10
16.4,0.01,0.00175413,81.6017,1.53987e+10
16.41,0.01,0.00175421,81.5976,1.54033e+10
16.42,0.01,0.00175428,81.5935,1.54079e+10
16.43,0.01,0.00175436,81.5893,1.54126e+10
16.44,0.01,0.00175443,81.5852,1.54172e+10
16.45,0.01,0.00175451,81.5811,1.54218e+10
16.46,0.01,0.00175459,81.577,1.54265e+10
16.47,0.01,0.00175466,81.5728,1.54311e+10
16.48,0.01,0.00175474,81.5687,1.54357e+10
16.49,0.01,0.00175482,81.5646,1.54404e+10
16.5,0.01,0.00175489,81.5605,1.5445e+10
16.51,0.01,0.00175497,81.5563,1.54496e+10
16.52,0.01,0.00175504,81.5522,1.54543e+10
16.53,0.01,0.00175512,81.5481,1.54589e+10
16.54,0.01,0.00175519,81.544,1.54635e+10
16.55,0.01,0.00175527,81.5398,1.54682e+10
16.56,0.01,0.00175534,81.5357,1.54728e+10
16.57,0.01,0.00175542,81.5316,1.54775e+10
16.58,0.01,0.00175549,81.5275,1.54821e+10
16.59,0.01,0.00175557,81.5233,1.54867e+10
16.6,0.01,0.00175564,81.5192,1.54914e+10
16.61,0.01,0.00175572,81.5151,1.5496e+10
16.62,0.01,0.00175579,81.511,1.55007e+10
16.63,0.01,0.00175587,81.5068,1.55053e+10
16.64,0.01,0.00175594,81.5027,1.551e+10
16.65,0.01,0.00175602,81.4986,1.55146e+10
16.66,0.01,0.00175609,81.4945,1.55193e+10
16.67,0.01,0.00175617,81.4903,1.55239e+10
16.68,0.01,0.00175624,81.4862,1.55285e+10
16.69,0.01,0.00175631,81.4821,1.55332e+10
16.7,0.01,0.00175639,81.4779,1.55378e+10
16.71,0.01,0.00175646,81.4738,1.55425e+10
16.72,0.01,0.00175654,81.4697,1.55471e+10
16.73,0.01,0.00175661,81.4656,1.55518e+10
16.74,0.01,0.00175668,81.4614,1.55564e+10
16.75,0.01,0.00175676,81.4573,1.55611e+10
16.76,0.01,0.00175683,81.4532,1.55658e+10
16.77,0.01,0.00175691,81.4491,1.55704e+10
16.78,0.01,0.00175698,81.4449,1.55751e+10
16.79,0.01,0.00175705,81.4408,1.55797e+10
16.8,0.01,0.00175713,81.4367,1.55844e+10
16.81,0.01,0.0017572,81.4326,1.5589e+10
16.82,0.01,0.00175727,81.4284,1.55937e+10
16.83,0.01,0.00175734,81.4243,1.55983e+10
16.84,0.01,0.00175742,81.4202,1.5603e+10
16.85,0.01,0.00175749,81.416,1.56077e+10
16.86,0.01,0.00175756,81.4119,1.56123e+10
16.87,0.01,0.00175764,81.4078,1.5617e+10
16.88,0.01,0.00175771,81.4037,1.56216e+10
16.89,0.01,0.00175778,81.3995,1.56263e+10
16.9,0.01,0.00175785,81.3954,1.5631e+10
16.91,0.01,0.00175793,81.3913,1.56356e+10
16.92,0.01,0.001758,81.3872,1.56403e+10
16.93,0.01,0.00175807,81.383,1.5645e+10
16.94,0.01,0.00175814,81.3789,1.56496e+10
16.95,0.01,0.00175821,81.3748,1.56543e+10
16.96,0.01,0.00175829,81.3706,1.5659e+10
16.97,0.01,0.00175836,81.3665,1.56636e+10
16.98,0.01,0.00175843,81.3624,1.56683e+10
16.99,0.01,0.0017585,81.3583,1.5673e+10
17,0.01,0.00175857,81.3541,1.56776e+10
17.01,0.01,0.00175864,81.35,1.56823e+10
17.02,0.01,0.00175872,81.3459,1.5687e+10
17.03,0.01,0.00175879,81.3418,1.56916e+10
17.04,0.01,0.00175886,81.3376,1.56963e+10
17.05,0.01,0.00175893,81.3335,1.5701e+10
17.06,0.01,0.001759,81.3294,1.57057e+10
17.07,0.01,0.00175907,81.3252,1.57103e+10
17.08,0.01,0.00175914,81.3211,1.5715e+10
17.09,0.01,0.00175921,81.317,1.57197e+10
17.1,0.01,0.00175928,81.3129,1.57244e+10
17.11,0.01,0.00175936,81.3087,1.5729e+10
17.12,0.01,0.00175943,81.3046,1.57337e+10
17.13,0.01,0.0017595,81.3005,1.57384e+10
17.14,0.01,0.00175957,81.2964,1.57431e+10
17.15,0.01,0.00175964,81.2922,1.57477e+10
17.16,0.01,0.00175971,81.2881,1.57524e+10
17.17,0.01,0.00175978,81.284,1.57571e+10
17.18,0.01,0.00175985,81.2798,1.57618e+10
17.19,0.01,0.00175992,81.2757,1.57665e+10
17.2,0.01,0.00175999,81.2716,1.57711e+10
17.21,0.01,0.00176006,81.2675,1.57758e+10
17.22,0.01,0.00176013,81.2633,1.57805e+10
17.23,0.01,0.0017602,81.2592,1.57852e+10
17.24,0.01,0.00176027,81.2551,1.57899e+10
17.25,0.01,0.00176034,81.251,1.57946e+10
17.26,0.01,0.00176041,81.2468,1.57993e+10
17.27,0.01,0.00176047,81.2427,1.58039e+10
17.28,0.01,0.00176054,81.2386,1.58086e+10
17.29,0.01,0.00176061,81.2344,1.58133e+10
17.3,0.01,0.00176068,81.2303,1.5818e+10
17.31,0.01,0.00176075,81.2262,1.58227e+10
17.32,0.01,0.00176082,81.2221,1.58274e+10
17.33,0.01,0.00176089,81.2179,1.58321e+10
17.34,0.01,0.00176096,81.2138,1.58368e+10
17.35,0.01,0.00176103,81.2097,1.58415e+10
17.36,0.01,0.00176109,81.2056,1.58462e+10
17.37,0.01,0.00176116,81.2014,1.58508e+10
17.38,0.01,0.00176123,81.1973,1.58555e+10
17.39,0.01,0.0017613,81.1932,1.58602e+10
17.4,0.01,0.00176137,81.189,1.58649e+10
17.41,0.01,0.00176144,81.1849,1.58696e+10
17.42,0.01,0.0017615,81.1808,1.58743e+10
17.43,0.01,0.00176157,81.1767,1.5879e+10
17.44,0.01,0.00176164,81.1725,1.58837e+10
17.45,0.01,0.00176171,81.1684,1.58884e+10
17.46,0.01,0.00176178,81.1643,1.58931e+10
17.47,0.01,0.00176184,81.1602,1.58978e+10
17.48,0.01,0.00176191,81.156,1.59025e+10
17.49,0.01,0.00176198,81.1519,1.59072e+10
17.5,0.01,0.00176205,81.1478,1.59119e+10
17.51,0.01,0.00176211,81.1437,1.59166e+10
17.52,0.01,0.00176218,81.1395,1.59213e+10
17.53,0.01,0.00176225,81.1354,1.5926e+10
17.54,0.01,0.00176231,81.1313,1.59307e+10
17.55,0.01,0.00176238,81.1272,1.59354e+10
17.56,0.01,0.00176245,81.123,1.59401e+10
17.57,0.01,0.00176252,81.1189,1.59448e+10
17.58,0.01,0.00176258,81.1148,1.59495e+10
17.59,0.01,0.00176265,81.1107,1.59543e+10
17.6,0.01,0.00176272,81.1065,1.5959e+10
17.61,0.01,0.00176278,81.1024,1.59637e+10
17.62,0.01,0.00176285,81.0983,1.59684e+10
17.63,0.01,0.00176291,81.0941,1.59731e+10
17.64,0.01,0.00176298,81.09,1.59778e+10
17.65,0.01,0.00176305,81.0859,1.59825e+10
17.66,0.01,0.00176311,81.0818,1.59872e+10
17.67,0.01,0.00176318,81.0776,1.59919e+10
17.68,0.01,0.00176324,81.0735,1.59966e+10
17.69,0.01,0.00176331,81.0694,1.60014e+10
17.7,0.01,0.00176338,81.0653,1.60061e+10
17.71,0.01,0.00176344,81.0612,1.60108e+10
17.72,0.01,0.00176351,81.057,1.60155e+10
17.73,0.01,0.00176357,81.0529,1.60202e+10
17.74,0.01,0.00176364,81.0488,1.60249e+10
17.75,0.01,0.0017637,81.0447,1.60297e+10
17.76,0.01,0.00176377,81.0405,1.60344e+10
17.77,0.01,0.00176383,81.0364,1.60391e+10
17.78,0.01,0.0017639,81.0323,1.60438e+10
17.79,0.01,0.00176396,81.0282,1.60485e+10
17.8,0.01,0.00176403,81.024,1.60533e+10
17.81,0.01,0.00176409,81.0199,1.6058e+10
17.82,0.01,0.00176416,81.0158,1.60627e+10
17.83,0.01,0.00176422,81.0117,1.60674e+10
17.84,0.01,0.00176429,81.0075,1.60721e+10
17.85,0.01,0.00176435,81.0034,1.60769e+10
17.86,0.01,0.00176442,80.9993,1.60816e+10
17.87,0.01,0.00176448,80.9952,1.60863e+10
17.88,0.01,0.00176454,80.991,1.6091e+10
17.89,0.01,0.00176461,80.9869,1.60958e+10
17.9,0.01,0.00176467,80.9828,1.61005e+10
17.91,0.01,0.00176474,80.9787,1.61052e+10
17.92,0.01,0.0017648,80.9746,1.61099e+10
17.93,0.01,0.00176486,80.9704,1.61147e+10
17.94,0.01,0.00176493,80.9663,1.61194e+10
17.95,0.01,0.00176499,80.9622,1.61241e+10
17.96,0.01,0.00176506,80.9581,1.61289e+10
17.97,0.01,0.00176512,80.954,1.61336e+10
17.98,0.01,0.00176518,80.9498,1.61383e+10
17.99,0.01,0.00176525,80.9457,1.61431e+10
18,0.01,0.00176531,80.9416,1.61478e+10
18.01,0.01,0.00176537,80.9375,1.61525e+10
18.02,0.01,0.00176543,80.9333,1.61573e+10
18.03,0.01,0.0017655,80.9292,1.6162e+10
18.04,0.01,0.00176556,80.9251,1.61667e+10
18.05,0.01,0.00176562,80.921,1.61715e+10
18.06,0.01,0.00176569,80.9169,1.61762e+10
18.07,0.01,0.00176575,80.9127,1.61809e+10
18.08,0.01,0.00176581,80.9086,1.61857e+10
18.09,0.01,0.00176587,80.9045,1.61904e+10
18.1,0.01,0.00176594,80.9004,1.61951e+10
18.11,0.01,0.001766,80.8963,1.61999e+10
18.12,0.01,0.00176606,80.8921,1.62046e+10
18.13,0.01,0.00176612,80.888,1.62094e+10
18.14,0.01,0.00176618,80.8839,1.62141e+10
18.15,0.01,0.00176625,80.8798,1.62188e+10
18.16,0.01,0.00176631,80.8757,1.62236e+10
18.17,0.01,0.00176637,80.8716,1.62283e+10
18.18,0.01,0.00176643,80.8674,1.62331e+10
18.19,0.01,0.00176649,80.8633,1.62378e+10
18.2,0.01,0.00176655,80.8592,1.62426e+10
18.21,0.01,0.00176662,80.8551,1.62473e+10
18.22,0.01,0.00176668,80.851,1.62521e+10
18.23,0.01,0.00176674,80.8468,1.62568e+10
18.24,0.01,0.0017668,80.8427,1.62615e+10
18.25,0.01,0.00176686,80.8386,1.62663e+10
18.26,0.01,0.00176692,80.8345,1.6271e+10
18.27,0.01,0.00176698,80.8304,1.62758e+10
18.28,0.01,0.00176704,80.8263,1.62805e+10
18.29,0.01,0.0017671,80.8221,1.62853e+10
18.3,0.01,0.00176716,80.818,1.629e+10
18.31,0.01,0.00176722,80.8139,1.62948e+10
18.32,0.01,0.00176729,80.8098,1.62995e+10
18.33,0.01,0.00176735,80.8057,1.63043e+10
18.34,0.01,0.00176741,80.8016,1.6309e+10
18.35,0.01,0.00176747,80.7974,1.63138e+10
18.36,0.01,0.00176753,80.7933,1.63186e+10
18.37,0.01,0.00176759,80.7892,1.63233e+10
18.38,0.01,0.00176765,80.7851,1.63281e+10
18.39,0.01,0.00176771,80.781,1.63328e+10
18.4,0.01,0.00176777,80.7769,1.63376e+10
18.41,0.01,0.00176783,80.7728,1.63423e+10
18.42,0.01,0.00176788,80.7686,1.63471e+10
18.43,0.01,0.00176794,80.7645,1.63518e+10
18.44,0.01,0.001768,80.7604,1.63566e+10
18.45,0.01,0.00176806,80.7563,1.63614e+10
18.46,0.01,0.00176812,80.7522,1.63661e+10
18.47,0.01,0.00176818,80.7481,1.63709e+10
18.48,0.01,0.00176824,80.744,1.63756e+10
18.49,0.01,0.0017683,80.7398,1.63804e+10
18.5,0.01,0.00176836,80.7357,1.63852e+10
18.51,0.01,0.00176842,80.7316,1.63899e+10
18.52,0.01,0.00176848,80.7275,1.63947e+10
18.53,0.01,0.00176853,80.7234,1.63995e+10
18.54,0.01,0.00176859,80.7193,1.64042e+10
18.55,0.01,0.00176865,80.7152,1.6409e+10
18.56,0.01,0.00176871,80.7111,1.64137e+10
18.57,0.01,0.00176877,80.707,1.64185e+10
18.58,0.01,0.00176883,80.7028,1.64233e+10
18.59,0.01,0.00176889,80.6987,1.6428e+10
18.6,0.01,0.00176894,80.6946,1.64328e+10
18.61,0.01,0.001769,80.6905,1.64376e+10
18.62,0.01,0.00176906,80.6864,1.64424e+10
18.63,0.01,0.00176912,80.6823,1.64471e+10
18.64,0.01,0.00176917,80.6782,1.64519e+10
18.65,0.01,0.00176923,80.6741,1.64567e+10
18.66,0.01,0.00176929,80.67,1.64614e+10
18.67,0.01,0.00176935,80.6659,1.64662e+10
18.68,0.01,0.0017694,80.6618,1.6471e+10
18.69,0.01,0.00176946,80.6576,1.64757e+10
18.7,0.01,0.00176952,80.6535,1.64805e+10
18.71,0.01,0.00176958,80.6494,1.64853e+10
18.72,0.01,0.00176963,80.6453,1.64901e+10
18.73,0.01,0.00176969,80.6412,1.64948e+10
18.74,0.01,0.00176975,80.6371,1.64996e+10
18.75,0.01,0.0017698,80.633,1.65044e+10
18.76,0.01,0.00176986,80.6289,1.65092e+10
18.77,0.01,0.00176992,80.6248,1.6514e+10
18.78,0.01,0.00176997,80.6207,1.65187e+10
18.79,0.01,0.00177003,80.6166,1.65235e+10
18.8,0.01,0.00177009,80.6125,1.65283e+10
18.81,0.01,0.00177014,80.6084,1.65331e+10
18.82,0.01,0.0017702,80.6043,1.65378e+10
18.83,0.01,0.00177026,80.6002,1.65426e+10
18.84,0.01,0.00177031,80.5961,1.65474e+10
18.85,0.01,0.00177037,80.5919,1.65522e+10
18.86,0.01,0.00177042,80.5878,1.6557e+10
18.87,0.01,0.00177048,80.5837,1.65618e+10
18.88,0.01,0.00177053,80.5796,1.65665e+10
18.89,0.01,0.00177059,80.5755,1.65713e+10
18.9,0.01,0.00177065,80.5714,1.65761e+10
18.91,0.01,0.0017707,80.5673,1.65809e+10
18.92,0.01,0.00177076,80.5632,1.65857e+10
18.93,0.01,0.00177081,80.5591,1.65905e+10
18.94,0.01,0.00177087,80.555,1.65952e+10
18.95,0.01,0.00177092,80.5509,1.66e+10
18.96,0.01,0.00177098,80.5468,1.66048e+10
18.97,0.01,0.00177103,80.5427,1.66096e+10
18.98,0.01,0.00177109,80.5386,1.66144e+10
18.99,0.01,0.00177114,80.5345,1.66192e+10
19,0.01,0.0017712,80.5304,1.6624e+10
19.01,0.01,0.00177125,80.5263,1.66288e+10
19.02,0.01,0.00177131,80.5222,1.66336e+10
19.03,0.01,0.00177136,80.5181,1.66384e+10
19.04,0.01,0.00177141,80.514,1.66431e+10
19.05,0.01,0.00177147,80.5099,1.66479e+10
19.06,0.01,0.00177152,80.5058,1.66527e+10
19.07,0.01,0.00177158,80.5017,1.66575e+10
19.08,0.01,0.00177163,80.4976,1.66623e+10
19.09,0.01,0.00177168,80.4935,1.66671e+10
19.1,0.01,0.00177174,80.4894,1.66719e+10
19.11,0.01,0.00177179,80.4853,1.66767e+10
19.12,0.01,0.00177185,80.4812,1.66815e+10
19.13,0.01,0.0017719,80.4771,1.66863e+10
19.14,0.01,0.00177195,80.4731,1.66911e+10
19.15,0.01,0.00177201,80.469,1.66959e+10
19.16,0.01,0.00177206,80.4649,1.67007e+10
19.17,0.01,0.00177211,80.4608,1.67055e+10
19.18,0.01,0.00177217,80.4567,1.67103e+10
19.19,0.01,0.00177222,80.4526,1.67151e+10
19.2,0.01,0.00177227,80.4485,1.67199e+10
19.21,0.01,0.00177232,80.4444,1.67247e+10
19.22,0.01,0.00177238,80.4403,1.67295e+10
19.23,0.01,0.00177243,80.4362,1.67343e+10
19.24,0.01,0.00177248,80.4321,1.67391e+10
19.25,0.01,0.00177253,80.428,1.67439e+10
19.26,0.01,0.00177259,80.4239,1.67487e+10
19.27,0.01,0.00177264,80.4198,1.67535e+10
19.28,0.01,0.00177269,80.4157,1.67583e+10
19.29,0.01,0.00177274,80.4117,1.67631e+10
19.3,0.01,0.0017728,80.4076,1.67679e+10
19.31,0.01,0.00177285,80.4035,1.67727e+10
19.32,0.01,0.0017729,80.3994,1.67775e+10
19.33,0.01,0.00177295,80.3953,1.67823e+10
19.34,0.01,0.001773,80.3912,1.67872e+10
19.35,0.01,0.00177306,80.3871,1.6792e+10
19.36,0.01,0.00177311,80.383,1.67968e+10
19.37,0.01,0.00177316,80.3789,1.68016e+10
19.38,0.01,0.00177321,80.3748,1.68064e+10
19.39,0.01,0.00177326,80.3708,1.68112e+10
19.4,0.01,0.00177331,80.3667,1.6816e+10
19.41,0.01,0.00177336,80.3626,1.68208e+10
19.42,0.01,0.00177341,80.3585,1.68256e+10
19.43,0.01,0.00177347,80.3544,1.68304e+10
19.44,0.01,0.00177352,80.3503,1.68353e+10
19.45,0.01,0.00177357,80.3462,1.68401e+10
19.46,0.01,0.00177362,80.3422,1.68449e+10
19.47,0.01,0.00177367,80.3381,1.68497e+10
19.48,0.01,0.00177372,80.334,1.68545e+10
19.49,0.01,0.00177377,80.3299,1.68593e+10
19.5,0.01,0.00177382,80.3258,1.68642e+10
19.51,0.01,0.00177387,80.3217,1.6869e+10
19.52,0.01,0.00177392,80.3177,1.68738e+10
19.53,0.01,0.00177397,80.3136,1.68786e+10
19.54,0.01,0.00177402,80.3095,1.68834e+10
19.55,0.01,0.00177407,80.3054,1.68882e+10
19.56,0.01,0.00177412,80.3013,1.68931e+10
19.57,0.01,0.00177417,80.2972,1.68979e+10
19.58,0.01,0.00177422,80.2932,1.69027e+10
19.59,0.01,0.00177427,80.2891,1.69075e+10
19.6,0.01,0.00177432,80.285,1.69123e+10
19.61,0.01,0.00177437,80.2809,1.69172e+10
19.62,0.01,0.00177442,80.2768,1.6922e+10
19.63,0.01,0.00177447,80.2728,1.69268e+10
19.64,0.01,0.00177452,80.2687,1.69316e+10
19.65,0.01,0.00177456,80.2646,1.69365e+10
19.66,0.01,0.00177461,80.2605,1.69413e+10
19.67,0.01,0.00177466,80.2565,1.69461e+10
19.68,0.01,0.00177471,80.2524,1.69509e+10
19.69,0.01,0.00177476,80.2483,1.69558e+10
19.7,0.01,0.00177481,80.2442,1.69606e+10
19.71,0.01,0.00177486,80.2401,1.69654e+10
19.72,0.01,0.00177491,80.2361,1.69702e+10
19.73,0.01,0.00177495,80.232,1.69751e+10
19.74,0.01,0.001775,80.2279,1.69799e+10
19.75,0.01,0.00177505,80.2239,1.69847e+10
19.76,0.01,0.0017751,80.2198,1.69896e+10
19.77,0.01,0.00177515,80.2157,1.69944e+10
19.78,0.01,0.0017752,80.2116,1.69992e+10
19.79,0.01,0.00177524,80.2076,1.7004e+10
19.8,0.01,0.00177529,80.2035,1.70089e+10
19.81,0.01,0.00177534,80.1994,1.70137e+10
19.82,0.01,0.00177539,80.1953,1.70185e+10
19.83,0.01,0.00177543,80.1913,1.70234e+10
19.84,0.01,0.00177548,80.1872,1.70282e+10
19.85,0.01,0.00177553,80.1831,1.7033e+10
19.86,0.01,0.00177558,80.1791,1.70379e+10
19.87,0.01,0.00177562,80.175,1.70427e+10
19.88,0.01,0.00177567,80.1709,1.70475e+10
19.89,0.01,0.00177572,80.1669,1.70524e+10
19.9,0.01,0.00177576,80.1628,1.70572e+10
19.91,0.01,0.00177581,80.1587,1.70621e+10
19.92,0.01,0.00177586,80.1547,1.70669e+10
19.93,0.01,0.0017759,80.1506,1.70717e+10
19.94,0.01,0.00177595,80.1465,1.70766e+10
19.95,0.01,0.001776,80.1425,1.70814e+10
19.96,0.01,0.00177604,80.1384,1.70862e+10
19.97,0.01,0.00177609,80.1343,1.70911e+10
19.98,0.01,0.00177614,80.1303,1.70959e+10
19.99,0.01,0.00177618,80.1262,1.71008e+10
20,0.01,0.00177623,80.1221,1.71056e+10
20.01,0.01,0.00177627,80.1181,1.71105e+10
20.02,0.01,0.00177632,80.114,1.71153e+10
20.03,0.01,0.00177637,80.1099,1.71201e+10
20.04,0.01,0.00177641,80.1059,1.7125e+10
20.05,0.01,0.00177646,80.1018,1.71298e+10
20.06,0.01,0.0017765,80.0978,1.71347e+10
20.07,0.01,0.00177655,80.0937,1.71395e+10
20.08,0.01,0.00177659,80.0896,1.71444e+10
20.09,0.01,0.00177664,80.0856,1.71492e+10
20.1,0.01,0.00177668,80.0815,1.7154e+10
20.11,0.01,0.00177673,80.0775,1.71589e+10
20.12,0.01,0.00177677,80.0734,1.71637e+10
20.13,0.01,0.00177682,80.0693,1.71686e+10
20.14,0.01,0.00177686,80.0653,1.71734e+10
20.15,0.01,0.00177691,80.0612,1.71783e+10
20.16,0.01,0.00177695,80.0572,1.71831e+10
20.17,0.01,0.001777,80.0531,1.7188e+10
20.18,0.01,0.00177704,80.0491,1.71928e+10
20.19,0.01,0.00177709,80.045,1.71977e+10
20.2,0.01,0.00177713,80.0409,1.72025e+10
20.21,0.01,0.00177718,80.0369,1.72074e+10
20.22,0.01,0.00177722,80.0328,1.72122e+10
20.23,0.01,0.00177726,80.0288,1.72171e+10
20.24,0.01,0.00177731,80.0247,1.72219e+10
20.25,0.01,0.00177735,80.0207,1.72268e+10
20.26,0.01,0.0017774,80.0166,1.72316e+10
20.27,0.01,0.00177744,80.0126,1.72365e+10
20.28,0.01,0.00177748,80.0085,1.72414e+10
20.29,0.01,0.00177753,80.0045,1.72462e+10
20.3,0.01,0.00177757,80.0004,1.72511e+10
20.31,0.01,0.00177761,79.9964,1.72559e+10
20.32,0.01,0.00177766,79.9923,1.72608e+10
20.33,0.01,0.0017777,79.9883,1.72656e+10
20.34,0.01,0.00177774,79.9842,1.72705e+10
20.35,0.01,0.00177779,79.9802,1.72753e+10
20.36,0.01,0.00177783,79.9761,1.72802e+10
20.37,0.01,0.00177787,79.9721,1.72851e+10
20.38,0.01,0.00177791,79.968,1.72899e+10
20.39,0.01,0.00177796,79.964,1.72948e+10
20.4,0.01,0.001778,79.96,1.72996e+10
20.41,0.01,0.00177804,79.9559,1.73045e+10
20.42,0.01,0.00177808,79.9519,1.73094e+10
20.43,0.01,0.00177813,79.9478,1.73142e+10
20.44,0.01,0.00177817,79.9438,1.73191e+10
20.45,0.01,0.00177821,79.9397,1.73239e+10
20.46,0.01,0.00177825,79.9357,1.73288e+10
20.47,0.01,0.0017783,79.9317,1.73337e+10
20.48,0.01,0.00177834,79.9276,1.73385e+10
20.49,0.01,0.00177838,79.9236,1.73434e+10
20.5,0.01,0.00177842,79.9195,1.73483e+10
20.51,0.01,0.00177846,79.9155,1.73531e+10
20.52,0.01,0.0017785,79.9115,1.7358e+10
20.53,0.01,0.00177855,79.9074,1.73629e+10
20.54,0.01,0.00177859,79.9034,1.73677e+10
20.55,0.01,0.00177863,79.8993,1.73726e+10
20.56,0.01,0.00177867,79.8953,1.73775e+10
20.57,0.01,0.00177871,79.8913,1.73823e+10
20.58,0.01,0.00177875,79.8872,1.73872e+10
20.59,0.01,0.00177879,79.8832,1.73921e+10
20.6,0.01,0.00177883,79.8792,1.73969e+10
20.61,0.01,0.00177887,79.8751,1.74018e+10
20.62,0.01,0.00177891,79.8711,1.74067e+10
20.63,0.01,0.00177896,79.8671,1.74115e+10
20.64,0.01,0.001779,79.863,1.74164e+10
20.65,0.01,0.00177904,79.859,1.74213e+10
20.66,0.01,0.00177908,79.855,1.74262e+10
20.67,0.01,0.00177912,79.8509,1.7431e+10
20.68,0.01,0.00177916,79.8469,1.74359e+10
20.69,0.01,0.0017792,79.8429,1.74408e+10
20.7,0.01,0.00177924,79.8388,1.74457e+10
20.71,0.01,0.00177928,79.8348,1.74505e+10
20.72,0.01,0.00177932,79.8308,1.74554e+10
20.73,0.01,0.00177936,79.8268,1.74603e+10
20.74,0.01,0.0017794,79.8227,1.74651e+10
20.75,0.01,0.00177944,79.8187,1.747e+10
20.76,0.01,0.00177948,79.8147,1.74749e+10
20.77,0.01,0.00177951,79.8106,1.74798e+10
20.78,0.01,0.00177955,79.8066,1.74847e+10
20.79,0.01,0.00177959,79.8026,1.74895e+10
20.8,0.01,0.00177963,79.7986,1.74944e+10
20.81,0.01,0.00177967,79.7945,1.74993e+10
20.82,0.01,0.00177971,79.7905,1.75042e+10
20.83,0.01,0.00177975,79.7865,1.7509e+10
20.84,0.01,0.00177979,79.7825,1.75139e+10
20.85,0.01,0.00177983,79.7785,1.75188e+10
20.86,0.01,0.00177987,79.7744,1.75237e+10
20.87,0.01,0.0017799,79.7704,1.75286e+10
20.88,0.01,0.00177994,79.7664,1.75334e+10
20.89,0.01,0.00177998,79.7624,1.75383e+10
20.9,0.01,0.00178002,79.7584,1.75432e+10
20.91,0.01,0.00178006,79.7543,1.75481e+10
20.92,0.01,0.0017801,79.7503,1.7553e+10
20.93,0.01,0.00178013,79.7463,1.75579e+10
20.94,0.01,0.00178017,79.7423,1.75627e+10
20.95,0.01,0.00178021,79.7383,1.75676e+10
20.96,0.01,0.00178025,79.7343,1.75725e+10
20.97,0.01,0.00178028,79.7303,1.75774e+10
20.98,0.01,0.00178032,79.7262,1.75823e+10
20.99,0.01,0.00178036,79.7222,1.75872e+10
21,0.01,0.0017804,79.7182,1.75921e+10
21.01,0.01,0.00178043,79.7142,1.75969e+10
21.02,0.01,0.00178047,79.7102,1.76018e+10
21.03,0.01,0.00178051,79.7062,1.76067e+10
21.04,0.01,0.00178055,79.7022,1.76116e+10
21.05,0.01,0.00178058,79.6982,1.76165e+10
21.06,0.01,0.00178062,79.6941,1.76214e+10
21.07,0.01,0.00178066,79.6901,1.76263e+10
21.08,0.01,0.00178069,79.6861,1.76312e+10
21.09,0.01,0.00178073,79.6821,1.7636e+10
21.1,0.01,0.00178077,79.6781,1.76409e+10
21.11,0.01,0.0017808,79.6741,1.76458e+10
21.12,0.01,0.00178084,79.6701,1.76507e+10
21.13,0.01,0.00178088,79.6661,1.76556e+10
21.14,0.01,0.00178091,79.6621,1.76605e+10
21.15,0.01,0.00178095,79.6581,1.76654e+10
21.16,0.01,0.00178098,79.6541,1.76703e+10
21.17,0.01,0.00178102,79.6501,1.76752e+10
21.18,0.01,0.00178106,79.6461,1.76801e+10
21.19,0.01,0.00178109,79.6421,1.7685e+10
21.2,0.01,0.00178113,79.6381,1.76899e+10
21.21,0.01,0.00178116,79.6341,1.76948e+10
21.22,0.01,0.0017812,79.6301,1.76997e+10
21.23,0.01,0.00178123,79.6261,1.77045e+10
21.24,0.01,0.00178127,79.6221,1.77094e+10
21.25,0.01,0.0017813,79.6181,1.77143e+10
21.26,0.01,0.00178134,79.6141,1.77192e+10
21.27,0.01,0.00178137,79.6101,1.77241e+10
21.28,0.01,0.00178141,79.6061,1.7729e+10
21.29,0.01,0.00178144,79.6021,1.77339e+10
21.3,0.01,0.00178148,79.5981,1.77388e+10
21.31,0.01,0.00178151,79.5941,1.77437e+10
21.32,0.01,0.00178155,79.5901,1.77486e+10
21.33,0.01,0.00178158,79.5861,1.77535e+10
21.34,0.01,0.00178162,79.5821,1.77584e+10
21.35,0.01,0.00178165,79.5781,1.77633e+10
21.36,0.01,0.00178169,79.5742,1.77682e+10
21.37,0.01,0.00178172,79.5702,1.77731e+10
21.38,0.01,0.00178175,79.5662,1.7778e+10
21.39,0.01,0.00178179,79.5622,1.77829e+10
21.4,0.01,0.00178182,79.5582,1.77878e+10
21.41,0.01,0.00178186,79.5542,1.77927e+10
21.42,0.01,0.00178189,79.5502,1.77976e+10
21.43,0.01,0.00178192,79.5462,1.78025e+10
21.44,0.01,0.00178196,79.5423,1.78075e+10
21.45,0.01,0.00178199,79.5383,1.78124e+10
21.46,0.01,0.00178202,79.5343,1.78173e+10
21.47,0.01,0.00178206,79.5303,1.78222e+10
21.48,0.01,0.00178209,79.5263,1.78271e+10
21.49,0.01,0.00178212,79.5223,1.7832e+10
21.5,0.01,0.00178216,79.5184,1.78369e+10
21.51,0.01,0.00178219,79.5144,1.78418e+10
21.52,0.01,0.00178222,79.5104,1.78467e+10
21.53,0.01,0.00178225,79.5064,1.78516e+10
21.54,0.01,0.00178229,79.5024,1.78565e+10
21.55,0.01,0.00178232,79.4985,1.78614e+10
21.56,0.01,0.00178235,79.4945,1.78663e+10
21.57,0.01,0.00178238,79.4905,1.78712e+10
21.58,0.01,0.00178242,79.4865,1.78761e+10
21.59,0.01,0.00178245,79.4826,1.78811e+10
21.6,0.01,0.00178248,79.4786,1.7886e+10
21.61,0.01,0.00178251,79.4746,1.78909e+10
21.62,0.01,0.00178255,79.4706,1.78958e+10
21.63,0.01,0.00178258,79.4667,1.79007e+10
21.64,0.01,0.00178261,79.4627,1.79056e+10
21.65,0.01,0.00178264,79.4587,1.79105e+10
21.66,0.01,0.00178267,79.4547,1.79154e+10
21.67,0.01,0.0017827,79.4508,1.79204e+10
21.68,0.01,0.00178274,79.4468,1.79253e+10
21.69,0.01,0.00178277,79.4428,1.79302e+10
21.7,0.01,0.0017828,79.4389,1.79351e+10
21.71,0.01,0.00178283,79.4349,1.794e+10
21.72,0.01,0.00178286,79.4309,1.79449e+10
21.73,0.01,0.00178289,79.427,1.79498e+10
21.74,0.01,0.00178292,79.423,1.79548e+10
21.75,0.01,0.00178295,79.419,1.79597e+10
21.76,0.01,0.00178298,79.4151,1.79646e+10
21.77,0.01,0.00178301,79.4111,1.79695e+10
21.78,0.01,0.00178305,79.4072,1.79744e+10
21.79,0.01,0.00178308,79.4032,1.79793e+10
21.8,0.01,0.00178311,79.3992,1.79843e+10
21.81,0.01,0.00178314,79.3953,1.79892e+10
21.82,0.01,0.00178317,79.3913,1.79941e+10
21.83,0.01,0.0017832,79.3873,1.7999e+10
21.84,0.01,0.00178323,79.3834,1.80039e+10
21.85,0.01,0.00178326,79.3794,1.80088e+10
21.86,0.01,0.00178329,79.3755,1.80138e+10
21.87,0.01,0.00178332,79.3715,1.80187e+10
21.88,0.01,0.00178335,79.3676,1.80236e+10
21.89,0.01,0.00178338,79.3636,1.80285e+10
21.9,0.01,0.00178341,79.3597,1.80334e+10
21.91,0.01,0.00178344,79.3557,1.80384e+10
21.92,0.01,0.00178346,79.3518,1.80433e+10
21.93,0.01,0.00178349,79.3478,1.80482e+10
21.94,0.01,0.00178352,79.3438,1.80531e+10
21.95,0.01,0.00178355,79.3399,1.80581e+10
21.96,0.01,0.00178358,79.3359,1.8063e+10
21.97,0.01,0.00178361,79.332,1.80679e+10
21.98,0.01,0.00178364,79.3281,1.80728e+10
21.99,0.01,0.00178367,79.3241,1.80778e+10
22,0.01,0.0017837,79.3202,1.80827e+10
22.01,0.01,0.00178372,79.3162,1.80876e+10
22.02,0.01,0.00178375,79.3123,1.80925e+10
22.03,0.01,0.00178378,79.3083,1.80975e+10
22.04,0.01,0.00178381,79.3044,1.81024e+10
22.05,0.01,0.00178384,79.3004,1.81073e+10
22.06,0.01,0.00178387,79.2965,1.81122e+10
22.07,0.01,0.00178389,79.2926,1.81172e+10
22.08,0.01,0.00178392,79.2886,1.81221e+10
22.09,0.01,0.00178395,79.2847,1.8127e+10
22.1,0.01,0.00178398,79.2807,1.8132e+10
22.11,0.01,0.00178401,79.2768,1.81369e+10
22.12,0.01,0.00178403,79.2729,1.81418e+10
22.13,0.01,0.00178406,79.2689,1.81467e+10
22.14,0.01,0.00178409,79.265,1.81517e+10
22.15,0.01,0.00178412,79.261,1.81566e+10
22.16,0.01,0.00178414,79.2571,1.81615e+10
22.17,0.01,0.00178417,79.2532,1.81665e+10
22.18,0.01,0.0017842,79.2492,1.81714e+10
22.19,0.01,0.00178422,79.2453,1.81763e+10
22.2,0.01,0.00178425,79.2414,1.81813e+10
22.21,0.01,0.00178428,79.2375,1.81862e+10
22.22,0.01,0.0017843,79.2335,1.81911e+10
22.23,0.01,0.00178433,79.2296,1.81961e+10
22.24,0.01,0.00178436,79.2257,1.8201e+10
22.25,0.01,0.00178438,79.2217,1.82059e+10
22.26,0.01,0.00178441,79.2178,1.82109e+10
22.27,0.01,0.00178444,79.2139,1.82158e+10
22.28,0.01,0.00178446,79.21,1.82207e+10
22.29,0.01,0.00178449,79.206,1.82257e+10
22.3,0.01,0.00178452,79.2021,1.82306e+10
22.31,0.01,0.00178454,79.1982,1.82355e+10
22.32,0.01,0.00178457,79.1943,1.82405e+10
22.33,0.01,0.00178459,79.1903,1.82454e+10
22.34,0.01,0.00178462,79.1864,1.82503e+10
22.35,0.01,0.00178464,79.1825,1.82553e+10
22.36,0.01,0.00178467,79.1786,1.82602e+10
22.37,0.01,0.0017847,79.1747,1.82652e+10
22.38,0.01,0.00178472,79.1707,1.82701e+10
22.39,0.01,0.00178475,79.1668,1.8275e+10
22.4,0.01,0.00178477,79.1629,1.828e+10
22.41,0.01,0.0017848,79.159,1.82849e+10
22.42,0.01,0.00178482,79.1551,1.82898e+10
22.43,0.01,0.00178485,79.1512,1.82948e+10
22.44,0.01,0.00178487,79.1473,1.82997e+10
22.45,0.01,0.0017849,79.1433,1.83047e+10
22.46,0.01,0.00178492,79.1394,1.83096e+10
22.47,0.01,0.00178495,79.1355,1.83145e+10
22.48,0.01,0.00178497,79.1316,1.83195e+10
22.49,0.01,0.00178499,79.1277,1.83244e+10
22.5,0.01,0.00178502,79.1238,1.83294e+10
22.51,0.01,0.00178504,79.1199,1.83343e+10
22.52,0.01,0.00178507,79.116,1.83393e+10
22.53,0.01,0.00178509,79.1121,1.83442e+10
22.54,0.01,0.00178511,79.1082,1.83491e+10
22.55,0.01,0.00178514,79.1043,1.83541e+10
22.56,0.01,0.00178516,79.1004,1.8359e+10
22.57,0.01,0.00178519,79.0965,1.8364e+10
22.58,0.01,0.00178521,79.0926,1.83689e+10
22.59,0.01,0.00178523,79.0887,1.83739e+10
22.6,0.01,0.00178526,79.0848,1.83788e+10
22.61,0.01,0.00178528,79.0809,1.83838e+10
22.62,0.01,0.0017853,79.077,1.83887e+10
22.63,0.01,0.00178533,79.0731,1.83936e+10
22.64,0.01,0.00178535,79.0692,1.83986e+10
22.65,0.01,0.00178537,79.0653,1.84035e+10
22.66,0.01,0.0017854,79.0614,1.84085e+10
22.67,0.01,0.00178542,79.0575,1.84134e+10
22.68,0.01,0.00178544,79.0536,1.84184e+10
22.69,0.01,0.00178546,79.0497,1.84233e+10
22.7,0.01,0.00178549,79.0458,1.84283e+10
22.71,0.01,0.00178551,79.0419,1.84332e+10
22.72,0.01,0.00178553,79.038,1.84382e+10
22.73,0.01,0.00178555,79.0341,1.84431e+10
22.74,0.01,0.00178558,79.0303,1.84481e+10
22.75,0.01,0.0017856,79.0264,1.8453e+10
22.76,0.01,0.00178562,79.0225,1.8458e+10
22.77,0.01,0.00178564,79.0186,1.84629e+10
22.78,0.01,0.00178566,79.0147,1.84679e+10
22.79,0.01,0.00178568,79.0108,1.84728e+10
22.8,0.01,0.00178571,79.0069,1.84778e+10
22.81,0.01,0.00178573,79.0031,1.84827e+10
22.82,0.01,0.00178575,78.9992,1.84877e+10
22.83,0.01,0.00178577,78.9953,1.84926e+10
22.84,0.01,0.00178579,78.9914,1.84976e+10
22.85,0.01,0.00178581,78.9875,1.85025e+10
22.86,0.01,0.00178583,78.9837,1.85075e+10
22.87,0.01,0.00178586,78.9798,1.85124e+10
22.88,0.01,0.00178588,78.9759,1.85174e+10
22.89,0.01,0.0017859,78.972,1.85224e+10
22.9,0.01,0.00178592,78.9682,1.85273e+10
22.91,0.01,0.00178594,78.9643,1.85323e+10
22.92,0.01,0.00178596,78.9604,1.85372e+10
22.93,0.01,0.00178598,78.9565,1.85422e+10
22.94,0.01,0.001786,78.9527,1.85471e+10
22.95,0.01,0.00178602,78.9488,1.85521e+10
22.96,0.01,0.00178604,78.9449,1.8557e+10
22.97,0.01,0.00178606,78.9411,1.8562e+10
22.98,0.01,0.00178608,78.9372,1.8567e+10
22.99,0.01,0.0017861,78.9333,1.85719e+10
23,0.01,0.00178612,78.9295,1.85769e+10
23.01,0.01,0.00178614,78.9256,1.85818e+10
23.02,0.01,0.00178616,78.9217,1.85868e+10
23.03,0.01,0.00178618,78.9179,1.85917e+10
23.04,0.01,0.0017862,78.914,1.85967e+10
23.05,0.01,0.00178622,78.9102,1.86017e+10
23.06,0.01,0.00178624,78.9063,1.86066e+10
23.07,0.01,0.00178626,78.9024,1.86116e+10
23.08,0.01,0.00178628,78.8986,1.86165e+10
23.09,0.01,0.0017863,78.8947,1.86215e+10
23.1,0.01,0.00178632,78.8909,1.86265e+10
23.11,0.01,0.00178633,78.887,1.86314e+10
23.12,0.01,0.00178635,78.8831,1.86364e+10
23.13,0.01,0.00178637,78.8793,1.86413e+10
23.14,0.01,0.00178639,78.8754,1.86463e+10
23.15,0.01,0.00178641,78.8716,1.86513e+10
23.16,0.01,0.00178643,78.8677,1.86562e+10
23.17,0.01,0.00178645,78.8639,1.86612e+10
23.18,0.01,0.00178646,78.86,1.86662e+10
23.19,0.01,0.00178648,78.8562,1.86711e+10
23.2,0.01,0.0017865,78.8523,1.86761e+10
23.21,0.01,0.00178652,78.8485,1.8681e+10
23.22,0.01,0.00178654,78.8447,1.8686e+10
23.23,0.01,0.00178655,78.8408,1.8691e+10
23.24,0.01,0.00178657,78.837,1.86959e+10
23.25,0.01,0.00178659,78.8331,1.87009e+10
23.26,0.01,0.00178661,78.8293,1.87059e+10
23.27,0.01,0.00178663,78.8254,1.87108e+10
23.28,0.01,0.00178664,78.8216,1.87158e+10
23.29,0.01,0.00178666,78.8178,1.87208e+10
23.3,0.01,0.00178668,78.8139,1.87257e+10
23.31,0.01,0.00178669,78.8101,1.87307e+10
23.32,0.01,0.00178671,78.8062,1.87357e+10
23.33,0.01,0.00178673,78.8024,1.87406e+10
23.34,0.01,0.00178675,78.7986,1.87456e+10
23.35,0.01,0.00178676,78.7947,1.87506e+10
23.36,0.01,0.00178678,78.7909,1.87555e+10
23.37,0.01,0.0017868,78.7871,1.87605e+10
23.38,0.01,0.00178681,78.7832,1.87655e+10
23.39,0.01,0.00178683,78.7794,1.87704e+10
23.4,0.01,0.00178685,78.7756,1.87754e+10
23.41,0.01,0.00178686,78.7718,1.87804e+10
23.42,0.01,0.00178688,78.7679,1.87853e+10
23.43,0.01,0.00178689,78.7641,1.87903e+10
23.44,0.01,0.00178691,78.7603,1.87953e+10
23.45,0.01,0.00178693,78.7565,1.88003e+10
23.46,0.01,0.00178694,78.7526,1.88052e+10
23.47,0.01,0.00178696,78.7488,1.88102e+10
23.48,0.01,0.00178697,78.745,1.88152e+10
23.49,0.01,0.00178699,78.7412,1.88201e+10
23.5,0.01,0.001787,78.7373,1.88251e+10
23.51,0.01,0.00178702,78.7335,1.88301e+10
23.52,0.01,0.00178704,78.7297,1.88351e+10
23.53,0.01,0.00178705,78.7259,1.884e+10
23.54,0.01,0.00178707,78.7221,1.8845e+10
23.55,0.01,0.00178708,78.7183,1.885e+10
23.56,0.01,0.0017871,78.7145,1.88549e+10
23.57,0.01,0.00178711,78.7106,1.88599e+10
23.58,0.01,0.00178713,78.7068,1.88649e+10
23.59,0.01,0.00178714,78.703,1.88699e+10
23.6,0.01,0.00178715,78.6992,1.88748e+10
23.61,0.01,0.00178717,78.6954,1.88798e+10
23.62,0.01,0.00178718,78.6916,1.88848e+10
23.63,0.01,0.0017872,78.6878,1.88898e+10
23.64,0.01,0.00178721,78.684,1.88947e+10
23.65,0.01,0.00178723,78.6802,1.88997e+10
23.66,0.01,0.00178724,78.6764,1.89047e+10
23.67,0.01,0.00178725,78.6726,1.89097e+10
23.68,0.01,0.00178727,78.6688,1.89146e+10
23.69,0.01,0.00178728,78.665,1.89196e+10
23.7,0.01,0.0017873,78.6612,1.89246e+10
23.71,0.01,0.00178731,78.6574,1.89296e+10
23.72,0.01,0.00178732,78.6536,1.89346e+10
23.73,0.01,0.00178734,78.6498,1.89395e+10
23.74,0.01,0.00178735,78.646,1.89445e+10
23.75,0.01,0.00178736,78.6422,1.89495e+10
23.76,0.01,0.00178738,78.6384,1.89545e+10
23.77,0.01,0.00178739,78.6346,1.89594e+10
23.78,0.01,0.0017874,78.6308,1.89644e+10
23.79,0.01,0.00178742,78.627,1.89694e+10
23.8,0.01,0.00178743,78.6232,1.89744e+10
23.81,0.01,0.00178744,78.6194,1.89794e+10
23.82,0.01,0.00178745,78.6156,1.89843e+10
23.83,0.01,0.00178747,78.6119,1.89893e+10
23.84,0.01,0.00178748,78.6081,1.89943e+10
23.85,0.01,0.00178749,78.6043,1.89993e+10
23.86,0.01,0.0017875,78.6005,1.90043e+10
23.87,0.01,0.00178752,78.5967,1.90092e+10
23.88,0.01,0.00178753,78.5929,1.90142e+10
23.89,0.01,0.00178754,78.5892,1.90192e+10
23.9,0.01,0.00178755,78.5854,1.90242e+10
23.91,0.01,0.00178757,78.5816,1.90292e+10
23.92,0.01,0.00178758,78.5778,1.90342e+10
23.93,0.01,0.00178759,78.574,1.90391e+10
23.94,0.01,0.0017876,78.5703,1.90441e+10
23.95,0.01,0.00178761,78.5665,1.90491e+10
23.96,0.01,0.00178762,78.5627,1.90541e+10
23.97,0.01,0.00178763,78.5589,1.90591e+10
23.98,0.01,0.00178765,78.5552,1.9064e+10
23.99,0.01,0.00178766,78.5514,1.9069e+10
24,0.01,0.00178767,78.5476,1.9074e+10
24.01,0.01,0.00178768,78.5439,1.9079e+10
24.02,0.01,0.00178769,78.5401,1.9084e+10
24.03,0.01,0.0017877,78.5363,1.9089e+10
24.04,0.01,0.00178771,78.5326,1.9094e+10
24.05,0.01,0.00178772,78.5288,1.90989e+10
24.06,0.01,0.00178773,78.525,1.91039e+10
24.07,0.01,0.00178774,78.5213,1.91089e+10
24.08,0.01,0.00178775,78.5175,1.91139e+10
24.09,0.01,0.00178776,78.5138,1.91189e+10
24.1,0.01,0.00178777,78.51,1.91239e+10
24.11,0.01,0.00178778,78.5062,1.91289e+10
24.12,0.01,0.00178779,78.5025,1.91338e+10
24.13,0.01,0.0017878,78.4987,1.91388e+10
24.14,0.01,0.00178781,78.495,1.91438e+10
24.15,0.01,0.00178782,78.4912,1.91488e+10
24.16,0.01,0.00178783,78.4875,1.91538e+10
24.17,0.01,0.00178784,78.4837,1.91588e+10
24.18,0.01,0.00178785,78.48,1.91638e+10
24.19,0.01,0.00178786,78.4762,1.91688e+10
24.2,0.01,0.00178787,78.4725,1.91737e+10
24.21,0.01,0.00178788,78.4687,1.91787e+10
24.22,0.01,0.00178789,78.465,1.91837e+10
24.23,0.01,0.0017879,78.4612,1.91887e+10
24.24,0.01,0.00178791,78.4575,1.91937e+10
24.25,0.01,0.00178792,78.4537,1.91987e+10
24.26,0.01,0.00178793,78.45,1.92037e+10
24.27,0.01,0.00178794,78.4462,1.92087e+10
24.28,0.01,0.00178794,78.4425,1.92137e+10
24.29,0.01,0.00178795,78.4388,1.92187e+10
24.3,0.01,0.00178796,78.435,1.92236e+10
24.31,0.01,0.00178797,78.4313,1.92286e+10
24.32,0.01,0.00178798,78.4276,1.92336e+10
24.33,0.01,0.00178799,78.4238,1.92386e+10
24.34,0.01,0.00178799,78.4201,1.92436e+10
24.35,0.01,0.001788,78.4164,1.92486e+10
24.36,0.01,0.00178801,78.4126,1.92536e+10
24.37,0.01,0.00178802,78.4089,1.92586e+10
24.38,0.01,0.00178803,78.4052,1.92636e+10
24.39,0.01,0.00178803,78.4014,1.92686e+10
24.4,0.01,0.00178804,78.3977,1.92736e+10
24.41,0.01,0.00178805,78.394,1.92786e+10
24.42,0.01,0.00178806,78.3903,1.92836e+10
24.43,0.01,0.00178806,78.3865,1.92885e+10
24.44,0.01,0.00178807,78.3828,1.92935e+10
24.45,0.01,0.00178808,78.3791,1.92985e+10
24.46,0.01,0.00178808,78.3754,1.93035e+10
24.47,0.01,0.00178809,78.3717,1.93085e+10
24.48,0.01,0.0017881,78.3679,1.93135e+10
24.49,0.01,0.00178811,78.3642,1.93185e+10
24.5,0.01,0.00178811,78.3605,1.93235e+10
24.51,0.01,0.00178812,78.3568,1.93285e+10
24.52,0.01,0.00178813,78.3531,1.93335e+10
24.53,0.01,0.00178813,78.3494,1.93385e+10
24.54,0.01,0.00178814,78.3456,1.93435e+10
24.55,0.01,0.00178814,78.3419,1.93485e+10
24.56,0.01,0.00178815,78.3382,1.93535e+10
24.57,0.01,0.00178816,78.3345,1.93585e+10
24.58,0.01,0.00178816,78.3308,1.93635e+10
24.59,0.01,0.00178817,78.3271,1.93685e+10
24.6,0.01,0.00178817,78.3234,1.93735e+10
24.61,0.01,0.00178818,78.3197,1.93785e+10
24.62,0.01,0.00178819,78.316,1.93835e+10
24.63,0.01,0.00178819,78.3123,1.93885e+10
24.64,0.01,0.0017882,78.3086,1.93935e+10
24.65,0.01,0.0017882,78.3049,1.93985e+10
24.66,0.01,0.00178821,78.3012,1.94035e+10
24.67,0.01,0.00178821,78.2975,1.94085e+10
24.68,0.01,0.00178822,78.2938,1.94135e+10
24.69,0.01,0.00178822,78.2901,1.94185e+10
24.7,0.01,0.00178823,78.2864,1.94235e+10
24.71,0.01,0.00178823,78.2827,1.94285e+10
24.72,0.01,0.00178824,78.279,1.94335e+10
24.73,0.01,0.00178824,78.2753,1.94385e+10
24.74,0.01,0.00178825,78.2717,1.94435e+10
24.75,0.01,0.00178825,78.268,1.94485e+10
24.76,0.01,0.00178826,78.2643,1.94535e+10
24.77,0.01,0.00178826,78.2606,1.94585e+10
24.78,0.01,0.00178826,78.2569,1.94635e+10
24.79,0.01,0.00178827,78.2532,1.94685e+10
24.8,0.01,0.00178827,78.2495,1.94735e+10
24.81,0.01,0.00178828,78.2459,1.94785e+10
24.82,0.01,0.00178828,78.2422,1.94835e+10
24.83,0.01,0.00178828,78.2385,1.94885e+10
24.84,0.01,0.00178829,78.2348,1.94935e+10
24.85,0.01,0.00178829,78.2311,1.94985e+10
24.86,0.01,0.00178829,78.2275,1.95035e+10
24.87,0.01,0.0017883,78.2238,1.95085e+10
24.88,0.01,0.0017883,78.2201,1.95135e+10
24.89,0.01,0.0017883,78.2165,1.95185e+10
24.9,0.01,0.00178831,78.2128,1.95235e+10
24.91,0.01,0.00178831,78.2091,1.95285e+10
24.92,0.01,0.00178831,78.2054,1.95335e+10
24.93,0.01,0.00178832,78.2018,1.95385e+10
24.94,0.01,0.00178832,78.1981,1.95435e+10
24.95,0.01,0.00178832,78.1945,1.95485e+10
24.96,0.01,0.00178833,78.1908,1.95535e+10
24.97,0.01,0.00178833,78.1871,1.95585e+10
24.98,0.01,0.00178833,78.1835,1.95635e+10
24.99,0.01,0.00178833,78.1798,1.95685e+10
25,0.01,0.00178834,78.1761,1.95735e+10
25.01,0.01,0.00178834,78.1725,1.95785e+10
25.02,0.01,0.00178834,78.1688,1.95835e+10
25.03,0.01,0.00178834,78.1652,1.95885e+10
25.04,0.01,0.00178834,78.1615,1.95935e+10
25.05,0.01,0.00178835,78.1579,1.95985e+10
25.06,0.01,0.00178835,78.1542,1.96036e+10
25.07,0.01,0.00178835,78.1506,1.96086e+10
25.08,0.01,0.00178835,78.1469,1.96136e+10
25.09,0.01,0.00178835,78.1433,1.96186e+10
25.1,0.01,0.00178835,78.1396,1.96236e+10
25.11,0.01,0.00178835,78.136,1.96286e+10
25.12,0.01,0.00178836,78.1323,1.96336e+10
25.13,0.01,0.00178836,78.1287,1.96386e+10
25.14,0.01,0.00178836,78.125,1.96436e+10
25.15,0.01,0.00178836,78.1214,1.96486e+10
25.16,0.01,0.00178836,78.1178,1.96536e+10
25.17,0.01,0.00178836,78.1141,1.96586e+10
25.18,0.01,0.00178836,78.1105,1.96636e+10
25.19,0.01,0.00178836,78.1069,1.96686e+10
25.2,0.01,0.00178836,78.1032,1.96737e+10
25.21,0.01,0.00178836,78.0996,1.96787e+10
25.22,0.01,0.00178836,78.096,1.96837e+10
25.23,0.01,0.00178836,78.0923,1.96887e+10
25.24,0.01,0.00178836,78.0887,1.96937e+10
25.25,0.01,0.00178836,78.0851,1.96987e+10
25.26,0.01,0.00178836,78.0814,1.97037e+10
25.27,0.01,0.00178836,78.0778,1.97087e+10
25.28,0.01,0.00178836,78.0742,1.97137e+10
25.29,0.01,0.00178836,78.0706,1.97187e+10
25.3,0.01,0.00178836,78.0669,1.97238e+10
25.31,0.01,0.00178836,78.0633,1.97288e+10
25.32,0.01,0.00178836,78.0597,1.97338e+10
25.33,0.01,0.00178836,78.0561,1.97388e+10
25.34,0.01,0.00178836,78.0525,1.97438e+10
25.35,0.01,0.00178836,78.0488,1.97488e+10
25.36,0.01,0.00178836,78.0452,1.97538e+10
25.37,0.01,0.00178836,78.0416,1.97588e+10
25.38,0.01,0.00178836,78.038,1.97638e+10
25.39,0.01,0.00178836,78.0344,1.97689e+10
25.4,0.01,0.00178836,78.0308,1.97739e+10
25.41,0.01,0.00178835,78.0272,1.97789e+10
25.42,0.01,0.00178835,78.0236,1.97839e+10
25.43,0.01,0.00178835,78.02,1.97889e+10
25.44,0.01,0.00178835,78.0164,1.97939e+10
25.45,0.01,0.00178835,78.0128,1.97989e+10
25.46,0.01,0.00178835,78.0091,1.98039e+10
25.47,0.01,0.00178834,78.0055,1.98089e+10
25.48,0.01,0.00178834,78.0019,1.9814e+10
25.49,0.01,0.00178834,77.9983,1.9819e+10
25.5,0.01,0.00178834,77.9947,1.9824e+10
25.51,0.01,0.00178834,77.9912,1.9829e+10
25.52,0.01,0.00178833,77.9876,1.9834e+10
25.53,0.01,0.00178833,77.984,1.9839e+10
25.54,0.01,0.00178833,77.9804,1.9844e+10
25.55,0.01,0.00178833,77.9768,1.98491e+10
25.56,0.01,0.00178832,77.9732,1.98541e+10
25.57,0.01,0.00178832,77.9696,1.98591e+10
25.58,0.01,0.00178832,77.966,1.98641e+10
25.59,0.01,0.00178832,77.9624,1.98691e+10
25.6,0.01,0.00178831,77.9588,1.98741e+10
25.61,0.01,0.00178831,77.9553,1.98791e+10
25.62,0.01,0.00178831,77.9517,1.98842e+10
25.63,0.01,0.0017883,77.9481,1.98892e+10
25.64,0.01,0.0017883,77.9445,1.98942e+10
25.65,0.01,0.0017883,77.9409,1.98992e+10
25.66,0.01,0.00178829,77.9374,1.99042e+10
25.67,0.01,0.00178829,77.9338,1.99092e+10
25.68,0.01,0.00178829,77.9302,1.99143e+10
25.69,0.01,0.00178828,77.9266,1.99193e+10
25.7,0.01,0.00178828,77.9231,1.99243e+10
25.71,0.01,0.00178827,77.9195,1.99293e+10
25.72,0.01,0.00178827,77.9159,1.99343e+10
25.73,0.01,0.00178827,77.9124,1.99393e+10
25.74,0.01,0.00178826,77.9088,1.99444e+10
25.75,0.01,0.00178826,77.9052,1.99494e+10
25.76,0.01,0.00178825,77.9017,1.99544e+10
25.77,0.01,0.00178825,77.8981,1.99594e+10
25.78,0.01,0.00178824,77.8945,1.99644e+10
25.79,0.01,0.00178824,77.891,1.99694e+10
25.8,0.01,0.00178823,77.8874,1.99745e+10
25.81,0.01,0.00178823,77.8839,1.99795e+10
25.82,0.01,0.00178822,77.8803,1.99845e+10
25.83,0.01,0.00178822,77.8767,1.99895e+10
25.84,0.01,0.00178821,77.8732,1.99945e+10
25.85,0.01,0.00178821,77.8696,1.99996e+10
25.86,0.01,0.0017882,77.8661,2.00046e+10
25.87,0.01,0.0017882,77.8625,2.00096e+10
25.88,0.01,0.00178819,77.859,2.00146e+10
25.89,0.01,0.00178819,77.8554,2.00196e+10
25.9,0.01,0.00178818,77.8519,2.00246e+10
25.91,0.01,0.00178818,77.8483,2.00297e+10
25.92,0.01,0.00178817,77.8448,2.00347e+10
25.93,0.01,0.00178816,77.8413,2.00397e+10
25.94,0.01,0.00178816,77.8377,2.00447e+10
25.95,0.01,0.00178815,77.8342,2.00497e+10
25.96,0.01,0.00178815,77.8306,2.00548e+10
25.97,0.01,0.00178814,77.8271,2.00598e+10
25.98,0.01,0.00178813,77.8236,2.00648e+10
25.99,0.01,0.00178813,77.82,2.00698e+10
26,0.01,0.00178812,77.8165,2.00748e+10
26.01,0.01,0.00178811,77.813,2.00799e+10
26.02,0.01,0.00178811,77.8094,2.00849e+10
26.03,0.01,0.0017881,77.8059,2.00899e+10
26.04,0.01,0.00178809,77.8024,2.00949e+10
26.05,0.01,0.00178809,77.7989,2.00999e+10
26.06,0.01,0.00178808,77.7953,2.0105e+10
26.07,0.01,0.00178807,77.7918,2.011e+10
26.08,0.01,0.00178807,77.7883,2.0115e+10
26.09,0.01,0.00178806,77.7848,2.012e+10
26.1,0.01,0.00178805,77.7812,2.01251e+10
26.11,0.01,0.00178804,77.7777,2.01301e+10
26.12,0.01,0.00178804,77.7742,2.01351e+10
26.13,0.01,0.00178803,77.7707,2.01401e+10
26.14,0.01,0.00178802,77.7672,2.01451e+10
26.15,0.01,0.00178801,77.7637,2.01502e+10
26.16,0.01,0.001788,77.7602,2.01552e+10
26.17,0.01,0.001788,77.7566,2.01602e+10
26.18,0.01,0.00178799,77.7531,2.01652e+10
26.19,0.01,0.00178798,77.7496,2.01703e+10
26.2,0.01,0.00178797,77.7461,2.01753e+10
26.21,0.01,0.00178796,77.7426,2.01803e+10
26.22,0.01,0.00178796,77.7391,2.01853e+10
26.23,0.01,0.00178795,77.7356,2.01904e+10
26.24,0.01,0.00178794,77.7321,2.01954e+10
26.25,0.01,0.00178793,77.7286,2.02004e+10
26.26,0.01,0.00178792,77.7251,2.02054e+10
26.27,0.01,0.00178791,77.7216,2.02104e+10
26.28,0.01,0.0017879,77.7181,2.02155e+10
26.29,0.01,0.00178789,77.7146,2.02205e+10
26.3,0.01,0.00178788,77.7111,2.02255e+10
26.31,0.01,0.00178788,77.7077,2.02305e+10
26.32,0.01,0.00178787,77.7042,2.02356e+10
26.33,0.01,0.00178786,77.7007,2.02406e+10
26.34,0.01,0.00178785,77.6972,2.02456e+10
26.35,0.01,0.00178784,77.6937,2.02506e+10
26.36,0.01,0.00178783,77.6902,2.02557e+10
26.37,0.01,0.00178782,77.6867,2.02607e+10
26.38,0.01,0.00178781,77.6833,2.02657e+10
26.39,0.01,0.0017878,77.6798,2.02707e+10
26.4,0.01,0.00178779,77.6763,2.02758e+10
26.41,0.01,0.00178778,77.6728,2.02808e+10
26.42,0.01,0.00178777,77.6693,2.02858e+10
26.43,0.01,0.00178776,77.6659,2.02908e+10
26.44,0.01,0.00178775,77.6624,2.02959e+10
26.45,0.01,0.00178774,77.6589,2.03009e+10
26.46,0.01,0.00178773,77.6555,2.03059e+10
26.47,0.01,0.00178772,77.652,2.0311e+10
26.48,0.01,0.00178771,77.6485,2.0316e+10
26.49,0.01,0.00178769,77.6451,2.0321e+10
26.5,0.01,0.00178768,77.6416,2.0326e+10
26.51,0.01,0.00178767,77.6381,2.03311e+10
26.52,0.01,0.00178766,77.6347,2.03361e+10
26.53,0.01,0.00178765,77.6312,2.03411e+10
26.54,0.01,0.00178764,77.6277,2.03461e+10
26.55,0.01,0.00178763,77.6243,2.03512e+10
26.56,0.01,0.00178762,77.6208,2.03562e+10
26.57,0.01,0.0017876,77.6174,2.03612e+10
26.58,0.01,0.00178759,77.6139,2.03662e+10
26.59,0.01,0.00178758,77.6105,2.03713e+10
26.6,0.01,0.00178757,77.607,2.03763e+10
26.61,0.01,0.00178756,77.6036,2.03813e+10
26.62,0.01,0.00178755,77.6001,2.03864e+10
26.63,0.01,0.00178753,77.5967,2.03914e+10
26.64,0.01,0.00178752,77.5932,2.03964e+10
26.65,0.01,0.00178751,77.5898,2.04014e+10
26.66,0.01,0.0017875,77.5864,2.04065e+10
26.67,0.01,0.00178748,77.5829,2.04115e+10
26.68,0.01,0.00178747,77.5795,2.04165e+10
26.69,0.01,0.00178746,77.576,2.04216e+10
26.7,0.01,0.00178745,77.5726,2.04266e+10
26.71,0.01,0.00178743,77.5692,2.04316e+10
26.72,0.01,0.00178742,77.5657,2.04366e+10
26.73,0.01,0.00178741,77.5623,2.04417e+10
26.74,0.01,0.0017874,77.5589,2.04467e+10
26.75,0.01,0.00178738,77.5554,2.04517e+10
26.76,0.01,0.00178737,77.552,2.04568e+10
26.77,0.01,0.00178736,77.5486,2.04618e+10
26.78,0.01,0.00178734,77.5452,2.04668e+10
26.79,0.01,0.00178733,77.5417,2.04718e+10
26.8,0.01,0.00178732,77.5383,2.04769e+10
26.81,0.01,0.0017873,77.5349,2.04819e+10
26.82,0.01,0.00178729,77.5315,2.04869e+10
26.83,0.01,0.00178727,77.5281,2.0492e+10
26.84,0.01,0.00178726,77.5247,2.0497e+10
26.85,0.01,0.00178725,77.5212,2.0502e+10
26.86,0.01,0.00178723,77.5178,2.05071e+10
26.87,0.01,0.00178722,77.5144,2.05121e+10
26.88,0.01,0.0017872,77.511,2.05171e+10
26.89,0.01,0.00178719,77.5076,2.05221e+10
26.9,0.01,0.00178718,77.5042,2.05272e+10
26.91,0.01,0.00178716,77.5008,2.05322e+10
26.92,0.01,0.00178715,77.4974,2.05372e+10
26.93,0.01,0.00178713,77.494,2.05423e+10
26.94,0.01,0.00178712,77.4906,2.05473e+10
26.95,0.01,0.0017871,77.4872,2.05523e+10
26.96,0.01,0.00178709,77.4838,2.05574e+10
26.97,0.01,0.00178707,77.4804,2.05624e+10
26.98,0.01,0.00178706,77.477,2.05674e+10
26.99,0.01,0.00178704,77.4736,2.05725e+10
27,0.01,0.00178703,77.4702,2.05775e+10
27.01,0.01,0.00178701,77.4668,2.05825e+10
27.02,0.01,0.001787,77.4634,2.05876e+10
27.03,0.01,0.00178698,77.46,2.05926e+10
27.04,0.01,0.00178696,77.4566,2.05976e+10
27.05,0.01,0.00178695,77.4533,2.06027e+10
27.06,0.01,0.00178693,77.4499,2.06077e+10
27.07,0.01,0.00178692,77.4465,2.06127e+10
27.08,0.01,0.0017869,77.4431,2.06177e+10
27.09,0.01,0.00178688,77.4397,2.06228e+10
27.1,0.01,0.00178687,77.4364,2.06278e+10
27.11,0.01,0.00178685,77.433,2.06328e+10
27.12,0.01,0.00178684,77.4296,2.06379e+10
27.13,0.01,0.00178682,77.4262,2.06429e+10
27.14,0.01,0.0017868,77.4229,2.06479e+10
27.15,0.01,0.00178679,77.4195,2.0653e+10
27.16,0.01,0.00178677,77.4161,2.0658e+10
27.17,0.01,0.00178675,77.4128,2.0663e+10
27.18,0.01,0.00178674,77.4094,2.06681e+10
27.19,0.01,0.00178672,77.406,2.06731e+10
27.2,0.01,0.0017867,77.4027,2.06781e+10
27.21,0.01,0.00178668,77.3993,2.06832e+10
27.22,0.01,0.00178667,77.396,2.06882e+10
27.23,0.01,0.00178665,77.3926,2.06932e+10
27.24,0.01,0.00178663,77.3892,2.06983e+10
27.25,0.01,0.00178661,77.3859,2.07033e+10
27.26,0.01,0.0017866,77.3825,2.07083e+10
27.27,0.01,0.00178658,77.3792,2.07134e+10
27.28,0.01,0.00178656,77.3758,2.07184e+10
27.29,0.01,0.00178654,77.3725,2.07234e+10
27.3,0.01,0.00178653,77.3691,2.07285e+10
27.31,0.01,0.00178651,77.3658,2.07335e+10
27.32,0.01,0.00178649,77.3624,2.07385e+10
27.33,0.01,0.00178647,77.3591,2.07436e+10
27.34,0.01,0.00178645,77.3558,2.07486e+10
27.35,0.01,0.00178643,77.3524,2.07537e+10
27.36,0.01,0.00178642,77.3491,2.07587e+10
27.37,0.01,0.0017864,77.3457,2.07637e+10
27.38,0.01,0.00178638,77.3424,2.07688e+10
27.39,0.01,0.00178636,77.3391,2.07738e+10
27.4,0.01,0.00178634,77.3357,2.07788e+10
27.41,0.01,0.00178632,77.3324,2.07839e+10
27.42,0.01,0.0017863,77.3291,2.07889e+10
27.43,0.01,0.00178628,77.3258,2.07939e+10
27.44,0.01,0.00178627,77.3224,2.0799e+10
27.45,0.01,0.00178625,77.3191,2.0804e+10
27.46,0.01,0.00178623,77.3158,2.0809e+10
27.47,0.01,0.00178621,77.3125,2.08141e+10
27.48,0.01,0.00178619,77.3092,2.08191e+10
27.49,0.01,0.00178617,77.3058,2.08241e+10
27.5,0.01,0.00178615,77.3025,2.08292e+10
27.51,0.01,0.00178613,77.2992,2.08342e+10
27.52,0.01,0.00178611,77.2959,2.08392e+10
27.53,0.01,0.00178609,77.2926,2.08443e+10
27.54,0.01,0.00178607,77.2893,2.08493e+10
27.55,0.01,0.00178605,77.286,2.08544e+10
27.56,0.01,0.00178603,77.2827,2.08594e+10
27.57,0.01,0.00178601,77.2793,2.08644e+10
27.58,0.01,0.00178599,77.276,2.08695e+10
27.59,0.01,0.00178597,77.2727,2.08745e+10
27.6,0.01,0.00178595,77.2694,2.08795e+10
27.61,0.01,0.00178593,77.2661,2.08846e+10
27.62,0.01,0.00178591,77.2628,2.08896e+10
27.63,0.01,0.00178588,77.2596,2.08946e+10
27.64,0.01,0.00178586,77.2563,2.08997e+10
27.65,0.01,0.00178584,77.253,2.09047e+10
27.66,0.01,0.00178582,77.2497,2.09098e+10
27.67,0.01,0.0017858,77.2464,2.09148e+10
27.68,0.01,0.00178578,77.2431,2.09198e+10
27.69,0.01,0.00178576,77.2398,2.09249e+10
27.7,0.01,0.00178574,77.2365,2.09299e+10
27.71,0.01,0.00178571,77.2332,2.09349e+10
27.72,0.01,0.00178569,77.23,2.094e+10
27.73,0.01,0.00178567,77.2267,2.0945e+10
27.74,0.01,0.00178565,77.2234,2.095e+10
27.75,0.01,0.00178563,77.2201,2.09551e+10
27.76,0.01,0.00178561,77.2169,2.09601e+10
27.77,0.01,0.00178558,77.2136,2.09652e+10
27.78,0.01,0.00178556,77.2103,2.09702e+10
27.79,0.01,0.00178554,77.207,2.09752e+10
27.8,0.01,0.00178552,77.2038,2.09803e+10
27.81,0.01,0.00178549,77.2005,2.09853e+10
27.82,0.01,0.00178547,77.1972,2.09903e+10
27.83,0.01,0.00178545,77.194,2.09954e+10
27.84,0.01,0.00178543,77.1907,2.10004e+10
27.85,0.01,0.0017854,77.1874,2.10055e+10
27.86,0.01,0.00178538,77.1842,2.10105e+10
27.87,0.01,0.00178536,77.1809,2.10155e+10
27.88,0.01,0.00178533,77.1777,2.10206e+10
27.89,0.01,0.00178531,77.1744,2.10256e+10
27.9,0.01,0.00178529,77.1712,2.10307e+10
27.91,0.01,0.00178527,77.1679,2.10357e+10
27.92,0.01,0.00178524,77.1647,2.10407e+10
27.93,0.01,0.00178522,77.1614,2.10458e+10
27.94,0.01,0.00178519,77.1582,2.10508e+10
27.95,0.01,0.00178517,77.1549,2.10558e+10
27.96,0.01,0.00178515,77.1517,2.10609e+10
27.97,0.01,0.00178512,77.1484,2.10659e+10
27.98,0.01,0.0017851,77.1452,2.1071e+10
27.99,0.01,0.00178508,77.142,2.1076e+10
28,0.01,0.00178505,77.1387,2.1081e+10
28.01,0.01,0.00178503,77.1355,2.10861e+10
28.02,0.01,0.001785,77.1323,2.10911e+10
28.03,0.01,0.00178498,77.129,2.10962e+10
28.04,0.01,0.00178495,77.1258,2.11012e+10
28.05,0.01,0.00178493,77.1226,2.11062e+10
28.06,0.01,0.00178491,77.1193,2.11113e+10
28.07,0.01,0.00178488,77.1161,2.11163e+10
28.08,0.01,0.00178486,77.1129,2.11213e+10
28.09,0.01,0.00178483,77.1097,2.11264e+10
28.1,0.01,0.00178481,77.1065,2.11314e+10
28.11,0.01,0.00178478,77.1032,2.11365e+10
28.12,0.01,0.00178476,77.1,2.11415e+10
28.13,0.01,0.00178473,77.0968,2.11465e+10
28.14,0.01,0.00178471,77.0936,2.11516e+10
28.15,0.01,0.00178468,77.0904,2.11566e+10
28.16,0.01,0.00178465,77.0872,2.11617e+10
28.17,0.01,0.00178463,77.084,2.11667e+10
28.18,0.01,0.0017846,77.0808,2.11717e+10
28.19,0.01,0.00178458,77.0776,2.11768e+10
28.2,0.01,0.00178455,77.0743,2.11818e+10
28.21,0.01,0.00178453,77.0711,2.11869e+10
28.22,0.01,0.0017845,77.0679,2.11919e+10
28.23,0.01,0.00178447,77.0647,2.11969e+10
28.24,0.01,0.00178445,77.0616,2.1202e+10
28.25,0.01,0.00178442,77.0584,2.1207e+10
28.26,0.01,0.00178439,77.0552,2.12121e+10
28.27,0.01,0.00178437,77.052,2.12171e+10
28.28,0.01,0.00178434,77.0488,2.12221e+10
28.29,0.01,0.00178432,77.0456,2.12272e+10
28.3,0.01,0.00178429,77.0424,2.12322e+10
28.31,0.01,0.00178426,77.0392,2.12373e+10
28.32,0.01,0.00178423,77.036,2.12423e+10
28.33,0.01,0.00178421,77.0329,2.12473e+10
28.34,0.01,0.00178418,77.0297,2.12524e+10
28.35,0.01,0.00178415,77.0265,2.12574e+10
28.36,0.01,0.00178413,77.0233,2.12625e+10
28.37,0.01,0.0017841,77.0201,2.12675e+10
28.38,0.01,0.00178407,77.017,2.12725e+10
28.39,0.01,0.00178404,77.0138,2.12776e+10
28.4,0.01,0.00178402,77.0106,2.12826e+10
28.41,0.01,0.00178399,77.0075,2.12877e+10
28.42,0.01,0.00178396,77.0043,2.12927e+10
28.43,0.01,0.00178393,77.0011,2.12977e+10
28.44,0.01,0.00178391,76.998,2.13028e+10
28.45,0.01,0.00178388,76.9948,2.13078e+10
28.46,0.01,0.00178385,76.9916,2.13129e+10
28.47,0.01,0.00178382,76.9885,2.13179e+10
28.48,0.01,0.00178379,76.9853,2.1323e+10
28.49,0.01,0.00178376,76.9822,2.1328e+10
28.5,0.01,0.00178374,76.979,2.1333e+10
28.51,0.01,0.00178371,76.9759,2.13381e+10
28.52,0.01,0.00178368,76.9727,2.13431e+10
28.53,0.01,0.00178365,76.9696,2.13482e+10
28.54,0.01,0.00178362,76.9664,2.13532e+10
28.55,0.01,0.00178359,76.9633,2.13582e+10
28.56,0.01,0.00178356,76.9601,2.13633e+10
28.57,0.01,0.00178353,76.957,2.13683e+10
28.58,0.01,0.0017835,76.9539,2.13734e+10
28.59,0.01,0.00178348,76.9507,2.13784e+10
28.6,0.01,0.00178345,76.9476,2.13834e+10
28.61,0.01,0.00178342,76.9445,2.13885e+10
28.62,0.01,0.00178339,76.9413,2.13935e+10
28.63,0.01,0.00178336,76.9382,2.13986e+10
28.64,0.01,0.00178333,76.9351,2.14036e+10
28.65,0.01,0.0017833,76.9319,2.14087e+10
28.66,0.01,0.00178327,76.9288,2.14137e+10
28.67,0.01,0.00178324,76.9257,2.14187e+10
28.68,0.01,0.00178321,76.9226,2.14238e+10
28.69,0.01,0.00178318,76.9194,2.14288e+10
28.7,0.01,0.00178315,76.9163,2.14339e+10
28.71,0.01,0.00178312,76.9132,2.14389e+10
28.72,0.01,0.00178309,76.9101,2.1444e+10
28.73,0.01,0.00178306,76.907,2.1449e+10
28.74,0.01,0.00178303,76.9039,2.1454e+10
28.75,0.01,0.001783,76.9008,2.14591e+10
28.76,0.01,0.00178296,76.8977,2.14641e+10
28.77,0.01,0.00178293,76.8945,2.14692e+10
28.78,0.01,0.0017829,76.8914,2.14742e+10
28.79,0.01,0.00178287,76.8883,2.14792e+10
28.8,0.01,0.00178284,76.8852,2.14843e+10
28.81,0.01,0.00178281,76.8821,2.14893e+10
28.82,0.01,0.00178278,76.879,2.14944e+10
28.83,0.01,0.00178275,76.8759,2.14994e+10
28.84,0.01,0.00178272,76.8729,2.15045e+10
28.85,0.01,0.00178268,76.8698,2.15095e+10
28.86,0.01,0.00178265,76.8667,2.15145e+10
28.87,0.01,0.00178262,76.8636,2.15196e+10
28.88,0.01,0.00178259,76.8605,2.15246e+10
28.89,0.01,0.00178256,76.8574,2.15297e+10
28.9,0.01,0.00178253,76.8543,2.15347e+10
28.91,0.01,0.00178249,76.8512,2.15398e+10
28.92,0.01,0.00178246,76.8482,2.15448e+10
28.93,0.01,0.00178243,76.8451,2.15498e+10
28.94,0.01,0.0017824,76.842,2.15549e+10
28.95,0.01,0.00178236,76.8389,2.15599e+10
28.96,0.01,0.00178233,76.8359,2.1565e+10
28.97,0.01,0.0017823,76.8328,2.157e+10
28.98,0.01,0.00178227,76.8297,2.15751e+10
28.99,0.01,0.00178223,76.8267,2.15801e+10
29,0.01,0.0017822,76.8236,2.15851e+10
29.01,0.01,0.00178217,76.8205,2.15902e+10
29.02,0.01,0.00178214,76.8175,2.15952e+10
29.03,0.01,0.0017821,76.8144,2.16003e+10
29.04,0.01,0.00178207,76.8113,2.16053e+10
29.05,0.01,0.00178204,76.8083,2.16104e+10
29.06,0.01,0.001782,76.8052,2.16154e+10
29.07,0.01,0.00178197,76.8022,2.16204e+10
29.08,0.01,0.00178194,76.7991,2.16255e+10
29.09,0.01,0.0017819,76.7961,2.16305e+10
29.1,0.01,0.00178187,76.793,2.16356e+10
29.11,0.01,0.00178183,76.79,2.16406e+10
29.12,0.01,0.0017818,76.7869,2.16457e+10
29.13,0.01,0.00178177,76.7839,2.16507e+10
29.14,0.01,0.00178173,76.7809,2.16557e+10
29.15,0.01,0.0017817,76.7778,2.16608e+10
29.16,0.01,0.00178166,76.7748,2.16658e+10
29.17,0.01,0.00178163,76.7717,2.16709e+10
29.18,0.01,0.0017816,76.7687,2.16759e+10
29.19,0.01,0.00178156,76.7657,2.1681e+10
29.2,0.01,0.00178153,76.7627,2.1686e+10
29.21,0.01,0.00178149,76.7596,2.1691e+10
29.22,0.01,0.00178146,76.7566,2.16961e+10
29.23,0.01,0.00178142,76.7536,2.17011e+10
29.24,0.01,0.00178139,76.7506,2.17062e+10
29.25,0.01,0.00178135,76.7475,2.17112e+10
29.26,0.01,0.00178132,76.7445,2.17163e+10
29.27,0.01,0.00178128,76.7415,2.17213e+10
29.28,0.01,0.00178125,76.7385,2.17264e+10
29.29,0.01,0.00178121,76.7355,2.17314e+10
29.3,0.01,0.00178118,76.7325,2.17364e+10
29.31,0.01,0.00178114,76.7294,2.17415e+10
29.32,0.01,0.0017811,76.7264,2.17465e+10
29.33,0.01,0.00178107,76.7234,2.17516e+10
29.34,0.01,0.00178103,76.7204,2.17566e+10
29.35,0.01,0.001781,76.7174,2.17617e+10
29.36,0.01,0.00178096,76.7144,2.17667e+10
29.37,0.01,0.00178093,76.7114,2.17717e+10
29.38,0.01,0.00178089,76.7084,2.17768e+10
29.39,0.01,0.00178085,76.7054,2.17818e+10
29.4,0.01,0.00178082,76.7024,2.17869e+10
29.41,0.01,0.00178078,76.6994,2.17919e+10
29.42,0.01,0.00178074,76.6965,2.1797e+10
29.43,0.01,0.00178071,76.6935,2.1802e+10
29.44,0.01,0.00178067,76.6905,2.18071e+10
29.45,0.01,0.00178063,76.6875,2.18121e+10
29.46,0.01,0.0017806,76.6845,2.18171e+10
29.47,0.01,0.00178056,76.6815,2.18222e+10
29.48,0.01,0.00178052,76.6786,2.18272e+10
29.49,0.01,0.00178049,76.6756,2.18323e+10
29.5,0.01,0.00178045,76.6726,2.18373e+10
29.51,0.01,0.00178041,76.6696,2.18424e+10
29.52,0.01,0.00178037,76.6667,2.18474e+10
29.53,0.01,0.00178034,76.6637,2.18524e+10
29.54,0.01,0.0017803,76.6607,2.18575e+10
29.55,0.01,0.00178026,76.6578,2.18625e+10
29.56,0.01,0.00178022,76.6548,2.18676e+10
29.57,0.01,0.00178019,76.6518,2.18726e+10
29.58,0.01,0.00178015,76.6489,2.18777e+10
29.59,0.01,0.00178011,76.6459,2.18827e+10
29.6,0.01,0.00178007,76.643,2.18878e+10
29.61,0.01,0.00178003,76.64,2.18928e+10
29.62,0.01,0.00178,76.6371,2.18978e+10
29.63,0.01,0.00177996,76.6341,2.19029e+10
29.64,0.01,0.00177992,76.6312,2.19079e+10
29.65,0.01,0.00177988,76.6282,2.1913e+10
29.66,0.01,0.00177984,76.6253,2.1918e+10
29.67,0.01,0.0017798,76.6223,2.19231e+10
29.68,0.01,0.00177976,76.6194,2.19281e+10
29.69,0.01,0.00177973,76.6164,2.19332e+10
29.7,0.01,0.00177969,76.6135,2.19382e+10
29.71,0.01,0.00177965,76.6106,2.19432e+10
29.72,0.01,0.00177961,76.6076,2.19483e+10
29.73,0.01,0.00177957,76.6047,2.19533e+10
29.74,0.01,0.00177953,76.6018,2.19584e+10
29.75,0.01,0.00177949,76.5988,2.19634e+10
29.76,0.01,0.00177945,76.5959,2.19685e+10
29.77,0.01,0.00177941,76.593,2.19735e+10
29.78,0.01,0.00177937,76.5901,2.19786e+10
29.79,0.01,0.00177933,76.5872,2.19836e+10
29.8,0.01,0.00177929,76.5842,2.19887e+10
29.81,0.01,0.00177925,76.5813,2.19937e+10
29.82,0.01,0.00177921,76.5784,2.19987e+10
29.83,0.01,0.00177917,76.5755,2.20038e+10
29.84,0.01,0.00177913,76.5726,2.20088e+10
29.85,0.01,0.00177909,76.5697,2.20139e+10
29.86,0.01,0.00177905,76.5668,2.20189e+10
29.87,0.01,0.00177901,76.5639,2.2024e+10
29.88,0.01,0.00177897,76.561,2.2029e+10
29.89,0.01,0.00177893,76.5581,2.20341e+10
29.9,0.01,0.00177889,76.5552,2.20391e+10
29.91,0.01,0.00177885,76.5523,2.20441e+10
29.92,0.01,0.00177881,76.5494,2.20492e+10
29.93,0.01,0.00177877,76.5465,2.20542e+10
29.94,0.01,0.00177873,76.5436,2.20593e+10
29.95,0.01,0.00177869,76.5407,2.20643e+10
29.96,0.01,0.00177864,76.5378,2.20694e+10
29.97,0.01,0.0017786,76.5349,2.20744e+10
29.98,0.01,0.00177856,76.532,2.20795e+10
29.99,0.01,0.00177852,76.5292,2.20845e+10
30,0.01,0.00177848,76.5263,2.20896e+10
0,35,4.37677,77.8296,9.34317e+09
0.01,35,4.37732,77.8284,9.26961e+09
0.02,35,4.37786,77.8271,9.19724e+09
0.03,35,4.3784,77.8259,9.12605e+09
0.04,35,4.37894,77.8246,9.056e+09
0.05,35,4.37949,77.8234,8.98707e+09
0.06,35,4.38003,77.8221,8.91922e+09
0.07,35,4.38057,77.8208,8.85244e+09
0.08,35,4.38111,77.8196,8.78669e+09
0.09,35,4.38166,77.8183,8.72196e+09
0.1,35,4.3822,77.817,8.65823e+09
0.11,35,4.38274,77.8158,8.59546e+09
0.12,35,4.38328,77.8145,8.53364e+09
0.13,35,4.38382,77.8132,8.47274e+09
0.14,35,4.38436,77.8119,8.41275e+09
0.15,35,4.3849,77.8106,8.35364e+09
0.16,35,4.38544,77.8094,8.2954e+09
0.17,35,4.38599,77.8081,8.238e+09
0.18,35,4.38653,77.8068,8.18144e+09
0.19,35,4.38707,77.8055,8.12568e+09
0.2,35,4.38761,77.8042,8.07072e+09
0.21,35,4.38815,77.8029,8.01653e+09
0.22,35,4.38869,77.8016,7.96311e+09
0.23,35,4.38923,77.8003,7.91043e+09
0.24,35,4.38977,77.799,7.85847e+09
0.25,35,4.39031,77.7977,7.80723e+09
0.26,35,4.39085,77.7964,7.7567e+09
0.27,35,4.39138,77.7951,7.70684e+09
0.28,35,4.39192,77.7938,7.65766e+09
0.29,35,4.39246,77.7925,7.60913e+09
0.3,35,4.393,77.7911,7.56125e+09
0.31,35,4.39354,77.7898,7.514e+09
0.32,35,4.39408,77.7885,7.46738e+09
0.33,35,4.39462,77.7872,7.42135e+09
0.34,35,4.39516,77.7859,7.37593e+09
0.35,35,4.39569,77.7845,7.33109e+09
0.36,35,4.39623,77.7832,7.28682e+09
0.37,35,4.39677,77.7819,7.24311e+09
0.38,35,4.39731,77.7805,7.19996e+09
0.39,35,4.39784,77.7792,7.15734e+09
0.4,35,4.39838,77.7779,7.11526e+09
0.41,35,4.39892,77.7765,7.0737e+09
0.42,35,4.39946,77.7752,7.03265e+09
0.43,35,4.39999,77.7738,6.9921e+09
0.44,35,4.40053,77.7725,6.95205e+09
0.45,35,4.40107,77.7711,6.91248e+09
0.46,35,4.4016,77.7698,6.87338e+09
0.47,35,4.40214,77.7684,6.83476e+09
0.48,35,4.40267,77.7671,6.79659e+09
0.49,35,4.40321,77.7657,6.75887e+09
0.5,35,4.40375,77.7643,6.72159e+09
0.51,35,4.40428,77.763,6.68475e+09
0.52,35,4.40482,77.7616,6.64834e+09
0.53,35,4.40535,77.7602,6.61234e+09
0.54,35,4.40589,77.7589,6.57676e+09
0.55,35,4.40642,77.7575,6.54159e+09
0.56,35,4.40696,77.7561,6.50681e+09
0.57,35,4.40749,77.7547,6.47242e+09
0.58,35,4.40803,77.7534,6.43842e+09
0.59,35,4.40856,77.752,6.4048e+09
0.6,35,4.4091,77.7506,6.37156e+09
0.61,35,4.40963,77.7492,6.33868e+09
0.62,35,4.41016,77.7478,6.30616e+09
0.63,35,4.4107,77.7464,6.27399e+09
0.64,35,4.41123,77.745,6.24217e+09
0.65,35,4.41177,77.7437,6.2107e+09
0.66,35,4.4123,77.7423,6.17957e+09
0.67,35,4.41283,77.7409,6.14876e+09
0.68,35,4.41337,77.7395,6.11829e+09
0.69,35,4.4139,77.7381,6.08813e+09
0.7,35,4.41443,77.7366,6.0583e+09
0.71,35,4.41496,77.7352,6.02877e+09
0.72,35,4.4155,77.7338,5.99955e+09
0.73,35,4.41603,77.7324,5.97064e+09
0.74,35,4.41656,77.731,5.94202e+09
0.75,35,4.41709,77.7296,5.91369e+09
0.76,35,4.41762,77.7282,5.88566e+09
0.77,35,4.41816,77.7267,5.8579e+09
0.78,35,4.41869,77.7253,5.83043e+09
0.79,35,4.41922,77.7239,5.80324e+09
0.8,35,4.41975,77.7225,5.77631e+09
0.81,35,4.42028,77.721,5.74965e+09
0.82,35,4.42081,77.7196,5.72326e+09
0.83,35,4.42134,77.7182,5.69713e+09
0.84,35,4.42187,77.7167,5.67125e+09
0.85,35,4.4224,77.7153,5.64562e+09
0.86,35,4.42293,77.7139,5.62024e+09
0.87,35,4.42346,77.7124,5.59511e+09
0.88,35,4.42399,77.711,5.57022e+09
0.89,35,4.42452,77.7095,5.54557e+09
0.9,35,4.42505,77.7081,5.52115e+09
0.91,35,4.42558,77.7066,5.49696e+09
0.92,35,4.42611,77.7052,5.473e+09
0.93,35,4.42664,77.7037,5.44927e+09
0.94,35,4.42717,77.7022,5.42576e+09
0.95,35,4.4277,77.7008,5.40246e+09
0.96,35,4.42823,77.6993,5.37938e+09
0.97,35,4.42876,77.6979,5.35652e+09
0.98,35,4.42929,77.6964,5.33386e+09
0.99,35,4.42981,77.6949,5.31141e+09
1,35,4.43034,77.6935,5.28917e+09
1.01,35,4.43087,77.692,5.26712e+09
1.02,35,4.4314,77.6905,5.24528e+09
1.03,35,4.43193,77.689,5.22363e+09
1.04,35,4.43245,77.6875,5.20217e+09
1.05,35,4.43298,77.6861,5.1809e+09
1.06,35,4.43351,77.6846,5.15983e+09
1.07,35,4.43404,77.6831,5.13893e+09
1.08,35,4.43456,77.6816,5.11823e+09
1.09,35,4.43509,77.6801,5.0977e+09
1.1,35,4.43562,77.6786,5.07735e+09
1.11,35,4.43614,77.6771,5.05717e+09
1.12,35,4.43667,77.6756,5.03718e+09
1.13,35,4.43719,77.6741,5.01735e+09
1.14,35,4.43772,77.6726,4.99769e+09
1.15,35,4.43825,77.6711,4.9782e+09
1.16,35,4.43877,77.6696,4.95887e+09
1.17,35,4.4393,77.6681,4.93971e+09
1.18,35,4.43982,77.6666,4.92071e+09
1.19,35,4.44035,77.6651,4.90187e+09
1.2,35,4.44087,77.6636,4.88318e+09
1.21,35,4.4414,77.662,4.86465e+09
1.22,35,4.44192,77.6605,4.84627e+09
1.23,35,4.44245,77.659,4.82805e+09
1.24,35,4.44297,77.6575,4.80997e+09
1.25,35,4.4435,77.656,4.79204e+09
1.26,35,4.44402,77.6544,4.77426e+09
1.27,35,4.44454,77.6529,4.75662e+09
1.28,35,4.44507,77.6514,4.73913e+09
1.29,35,4.44559,77.6498,4.72177e+09
1.3,35,4.44612,77.6483,4.70455e+09
1.31,35,4.44664,77.6468,4.68748e+09
1.32,35,4.44716,77.6452,4.67053e+09
1.33,35,4.44769,77.6437,4.65372e+09
1.34,35,4.44821,77.6421,4.63704e+09
1.35,35,4.44873,77.6406,4.6205e+09
1.36,35,4.44925,77.639,4.60408e+09
1.37,35,4.44978,77.6375,4.58779e+09
1.38,35,4.4503,77.6359,4.57163e+09
1.39,35,4.45082,77.6344,4.55559e+09
1.4,35,4.45134,77.6328,4.53968e+09
1.41,35,4.45186,77.6313,4.52389e+09
1.42,35,4.45239,77.6297,4.50822e+09
1.43,35,4.45291,77.6281,4.49266e+09
1.44,35,4.45343,77.6266,4.47723e+09
1.45,35,4.45395,77.625,4.46191e+09
1.46,35,4.45447,77.6234,4.44671e+09
1.47,35,4.45499,77.6219,4.43162e+09
1.48,35,4.45551,77.6203,4.41665e+09
1.49,35,4.45603,77.6187,4.40178e+09
1.5,35,4.45655,77.6171,4.38703e+09
1.51,35,4.45707,77.6155,4.37239e+09
1.52,35,4.45759,77.614,4.35785e+09
1.53,35,4.45811,77.6124,4.34342e+09
1.54,35,4.45863,77.6108,4.3291e+09
1.55,35,4.45915,77.6092,4.31488e+09
1.56,35,4.45967,77.6076,4.30076e+09
1.57,35,4.46019,77.606,4.28675e+09
1.58,35,4.46071,77.6044,4.27283e+09
1.59,35,4.46123,77.6028,4.25902e+09
1.6,35,4.46175,77.6012,4.24531e+09
1.61,35,4.46227,77.5996,4.23169e+09
1.62,35,4.46278,77.598,4.21817e+09
1.63,35,4.4633,77.5964,4.20474e+09
1.64,35,4.46382,77.5948,4.19141e+09
1.65,35,4.46434,77.5932,4.17818e+09
1.66,35,4.46486,77.5916,4.16504e+09
1.67,35,4.46537,77.59,4.15198e+09
1.68,35,4.46589,77.5884,4.13902e+09
1.69,35,4.46641,77.5867,4.12615e+09
1.7,35,4.46693,77.5851,4.11337e+09
1.71,35,4.46744,77.5835,4.10068e+09
1.72,35,4.46796,77.5819,4.08807e+09
1.73,35,4.46848,77.5802,4.07555e+09
1.74,35,4.46899,77.5786,4.06312e+09
1.75,35,4.46951,77.577,4.05077e+09
1.76,35,4.47003,77.5754,4.0385e+09
1.77,35,4.47054,77.5737,4.02632e+09
1.78,35,4.47106,77.5721,4.01422e+09
1.79,35,4.47157,77.5704,4.0022e+09
1.8,35,4.47209,77.5688,3.99026e+09
1.81,35,4.4726,77.5672,3.9784e+09
1.82,35,4.47312,77.5655,3.96662e+09
1.83,35,4.47364,77.5639,3.95491e+09
1.84,35,4.47415,77.5622,3.94329e+09
1.85,35,4.47466,77.5606,3.93174e+09
1.86,35,4.47518,77.5589,3.92026e+09
1.87,35,4.47569,77.5573,3.90886e+09
1.88,35,4.47621,77.5556,3.89754e+09
1.89,35,4.47672,77.5539,3.88629e+09
1.9,35,4.47724,77.5523,3.87511e+09
1.91,35,4.47775,77.5506,3.864e+09
1.92,35,4.47826,77.5489,3.85297e+09
1.93,35,4.47878,77.5473,3.842e+09
1.94,35,4.47929,77.5456,3.83111e+09
1.95,35,4.4798,77.5439,3.82028e+09
1.96,35,4.48032,77.5423,3.80953e+09
1.97,35,4.48083,77.5406,3.79884e+09
1.98,35,4.48134,77.5389,3.78822e+09
1.99,35,4.48186,77.5372,3.77767e+09
2,35,4.48237,77.5355,3.76718e+09
2.01,35,4.48288,77.5339,3.75676e+09
2.02,35,4.48339,77.5322,3.7464e+09
2.03,35,4.4839,77.5305,3.73611e+09
2.04,35,4.48442,77.5288,3.72588e+09
2.05,35,4.48493,77.5271,3.71572e+09
2.06,35,4.48544,77.5254,3.70561e+09
2.07,35,4.48595,77.5237,3.69557e+09
2.08,35,4.48646,77.522,3.68559e+09
2.09,35,4.48697,77.5203,3.67568e+09
2.1,35,4.48748,77.5186,3.66582e+09
2.11,35,4.48799,77.5169,3.65602e+09
2.12,35,4.4885,77.5152,3.64628e+09
2.13,35,4.48901,77.5135,3.6366e+09
2.14,35,4.48952,77.5118,3.62698e+09
2.15,35,4.49003,77.5101,3.61742e+09
2.16,35,4.49054,77.5083,3.60791e+09
2.17,35,4.49105,77.5066,3.59846e+09
2.18,35,4.49156,77.5049,3.58906e+09
2.19,35,4.49207,77.5032,3.57973e+09
2.2,35,4.49258,77.5015,3.57044e+09
2.21,35,4.49309,77.4997,3.56121e+09
2.22,35,4.4936,77.498,3.55204e+09
2.23,35,4.49411,77.4963,3.54292e+09
2.24,35,4.49462,77.4946,3.53385e+09
2.25,35,4.49512,77.4928,3.52484e+09
2.26,35,4.49563,77.4911,3.51588e+09
2.27,35,4.49614,77.4893,3.50697e+09
2.28,35,4.49665,77.4876,3.49811e+09
2.29,35,4.49716,77.4859,3.4893e+09
2.3,35,4.49766,77.4841,3.48054e+09
2.31,35,4.49817,77.4824,3.47184e+09
2.32,35,4.49868,77.4806,3.46318e+09
2.33,35,4.49918,77.4789,3.45457e+09
2.34,35,4.49969,77.4771,3.44601e+09
2.35,35,4.5002,77.4754,3.4375e+09
2.36,35,4.5007,77.4736,3.42904e+09
2.37,35,4.50121,77.4719,3.42063e+09
2.38,35,4.50172,77.4701,3.41226e+09
2.39,35,4.50222,77.4683,3.40394e+09
2.4,35,4.50273,77.4666,3.39567e+09
2.41,35,4.50323,77.4648,3.38744e+09
2.42,35,4.50374,77.4631,3.37926e+09
2.43,35,4.50425,77.4613,3.37112e+09
2.44,35,4.50475,77.4595,3.36303e+09
2.45,35,4.50526,77.4577,3.35498e+09
2.46,35,4.50576,77.456,3.34698e+09
2.47,35,4.50627,77.4542,3.33902e+09
2.48,35,4.50677,77.4524,3.3311e+09
2.49,35,4.50727,77.4506,3.32323e+09
2.5,35,4.50778,77.4488,3.3154e+09
2.51,35,4.50828,77.4471,3.30761e+09
2.52,35,4.50879,77.4453,3.29987e+09
2.53,35,4.50929,77.4435,3.29217e+09
2.54,35,4.50979,77.4417,3.2845e+09
2.55,35,4.5103,77.4399,3.27688e+09
2.56,35,4.5108,77.4381,3.2693e+09
2.57,35,4.5113,77.4363,3.26176e+09
2.58,35,4.51181,77.4345,3.25427e+09
2.59,35,4.51231,77.4327,3.24681e+09
2.6,35,4.51281,77.4309,3.23939e+09
2.61,35,4.51331,77.4291,3.23201e+09
2.62,35,4.51382,77.4273,3.22466e+09
2.63,35,4.51432,77.4255,3.21736e+09
2.64,35,4.51482,77.4237,3.2101e+09
2.65,35,4.51532,77.4219,3.20287e+09
2.66,35,4.51582,77.4201,3.19568e+09
2.67,35,4.51632,77.4182,3.18853e+09
2.68,35,4.51683,77.4164,3.18141e+09
2.69,35,4.51733,77.4146,3.17434e+09
2.7,35,4.51783,77.4128,3.1673e+09
2.71,35,4.51833,77.411,3.16029e+09
2.72,35,4.51883,77.4091,3.15332e+09
2.73,35,4.51933,77.4073,3.14639e+09
2.74,35,4.51983,77.4055,3.13949e+09
2.75,35,4.52033,77.4036,3.13263e+09
2.76,35,4.52083,77.4018,3.1258e+09
2.77,35,4.52133,77.4,3.11901e+09
2.78,35,4.52183,77.3981,3.11225e+09
2.79,35,4.52233,77.3963,3.10553e+09
2.8,35,4.52283,77.3944,3.09884e+09
2.81,35,4.52333,77.3926,3.09218e+09
2.82,35,4.52383,77.3908,3.08556e+09
2.83,35,4.52432,77.3889,3.07897e+09
2.84,35,4.52482,77.3871,3.07241e+09
2.85,35,4.52532,77.3852,3.06588e+09
2.86,35,4.52582,77.3834,3.05939e+09
2.87,35,4.52632,77.3815,3.05293e+09
2.88,35,4.52682,77.3796,3.0465e+09
2.89,35,4.52731,77.3778,3.04011e+09
2.9,35,4.52781,77.3759,3.03374e+09
2.91,35,4.52831,77.3741,3.02741e+09
2.92,35,4.5288,77.3722,3.02111e+09
2.93,35,4.5293,77.3703,3.01483e+09
2.94,35,4.5298,77.3685,3.00859e+09
2.95,35,4.5303,77.3666,3.00238e+09
2.96,35,4.53079,77.3647,2.9962e+09
2.97,35,4.53129,77.3628,2.99005e+09
2.98,35,4.53178,77.361,2.98393e+09
2.99,35,4.53228,77.3591,2.97784e+09
3,35,4.53278,77.3572,2.97177e+09
3.01,35,4.53327,77.3553,2.96574e+09
3.02,35,4.53377,77.3534,2.95973e+09
3.03,35,4.53426,77.3516,2.95376e+09
3.04,35,4.53476,77.3497,2.94781e+09
3.05,35,4.53525,77.3478,2.94189e+09
3.06,35,4.53575,77.3459,2.936e+09
3.07,35,4.53624,77.344,2.93014e+09
3.08,35,4.53674,77.3421,2.9243e+09
3.09,35,4.53723,77.3402,2.91849e+09
3.1,35,4.53773,77.3383,2.91271e+09
3.11,35,4.53822,77.3364,2.90696e+09
3.12,35,4.53871,77.3345,2.90123e+09
3.13,35,4.53921,77.3326,2.89553e+09
3.14,35,4.5397,77.3307,2.88986e+09
3.15,35,4.54019,77.3288,2.88421e+09
3.16,35,4.54069,77.3269,2.87859e+09
3.17,35,4.54118,77.325,2.87299e+09
3.18,35,4.54167,77.323,2.86742e+09
3.19,35,4.54217,77.3211,2.86188e+09
3.2,35,4.54266,77.3192,2.85636e+09
3.21,35,4.54315,77.3173,2.85087e+09
3.22,35,4.54364,77.3154,2.8454e+09
3.23,35,4.54414,77.3134,2.83996e+09
3.24,35,4.54463,77.3115,2.83454e+09
3.25,35,4.54512,77.3096,2.82914e+09
3.26,35,4.54561,77.3077,2.82377e+09
3.27,35,4.5461,77.3057,2.81843e+09
3.28,35,4.54659,77.3038,2.81311e+09
3.29,35,4.54708,77.3019,2.80781e+09
3.3,35,4.54757,77.2999,2.80254e+09
3.31,35,4.54806,77.298,2.79729e+09
3.32,35,4.54856,77.296,2.79206e+09
3.33,35,4.54905,77.2941,2.78686e+09
3.34,35,4.54954,77.2922,2.78168e+09
3.35,35,4.55003,77.2902,2.77652e+09
3.36,35,4.55052,77.2883,2.77139e+09
3.37,35,4.551,77.2863,2.76628e+09
3.38,35,4.55149,77.2844,2.76119e+09
3.39,35,4.55198,77.2824,2.75612e+09
3.4,35,4.55247,77.2804,2.75108e+09
3.41,35,4.55296,77.2785,2.74606e+09
3.42,35,4.55345,77.2765,2.74106e+09
3.43,35,4.55394,77.2746,2.73608e+09
3.44,35,4.55443,77.2726,2.73113e+09
3.45,35,4.55492,77.2706,2.72619e+09
3.46,35,4.5554,77.2687,2.72128e+09
3.47,35,4.55589,77.2667,2.71639e+09
3.48,35,4.55638,77.2647,2.71151e+09
3.49,35,4.55687,77.2628,2.70667e+09
3.5,35,4.55735,77.2608,2.70184e+09
3.51,35,4.55784,77.2588,2.69703e+09
3.52,35,4.55833,77.2568,2.69224e+09
3.53,35,4.55882,77.2549,2.68747e+09
3.54,35,4.5593,77.2529,2.68273e+09
3.55,35,4.55979,77.2509,2.678e+09
3.56,35,4.56027,77.2489,2.6733e+09
3.57,35,4.56076,77.2469,2.66861e+09
3.58,35,4.56125,77.2449,2.66394e+09
3.59,35,4.56173,77.2429,2.6593e+09
3.6,35,4.56222,77.2409,2.65467e+09
3.61,35,4.5627,77.2389,2.65006e+09
3.62,35,4.56319,77.237,2.64547e+09
3.63,35,4.56367,77.235,2.6409e+09
3.64,35,4.56416,77.233,2.63635e+09
3.65,35,4.56464,77.231,2.63182e+09
3.66,35,4.56513,77.2289,2.62731e+09
3.67,35,4.56561,77.2269,2.62282e+09
3.68,35,4.5661,77.2249,2.61834e+09
3.69,35,4.56658,77.2229,2.61389e+09
3.7,35,4.56707,77.2209,2.60945e+09
3.71,35,4.56755,77.2189,2.60503e+09
3.72,35,4.56803,77.2169,2.60063e+09
3.73,35,4.56852,77.2149,2.59625e+09
3.74,35,4.569,77.2129,2.59188e+09
3.75,35,4.56948,77.2108,2.58753e+09
3.76,35,4.56997,77.2088,2.58321e+09
3.77,35,4.57045,77.2068,2.57889e+09
3.78,35,4.57093,77.2048,2.5746e+09
3.79,35,4.57141,77.2027,2.57032e+09
3.8,35,4.5719,77.2007,2.56606e+09
3.81,35,4.57238,77.1987,2.56182e+09
3.82,35,4.57286,77.1966,2.5576e+09
3.83,35,4.57334,77.1946,2.55339e+09
3.84,35,4.57382,77.1926,2.5492e+09
3.85,35,4.5743,77.1905,2.54502e+09
3.86,35,4.57478,77.1885,2.54087e+09
3.87,35,4.57527,77.1865,2.53672e+09
3.88,35,4.57575,77.1844,2.5326e+09
3.89,35,4.57623,77.1824,2.52849e+09
3.9,35,4.57671,77.1803,2.5244e+09
3.91,35,4.57719,77.1783,2.52033e+09
3.92,35,4.57767,77.1762,2.51627e+09
3.93,35,4.57815,77.1742,2.51222e+09
3.94,35,4.57863,77.1721,2.5082e+09
3.95,35,4.57911,77.1701,2.50419e+09
3.96,35,4.57959,77.168,2.50019e+09
3.97,35,4.58007,77.1659,2.49621e+09
3.98,35,4.58055,77.1639,2.49225e+09
3.99,35,4.58102,77.1618,2.4883e+09
4,35,4.5815,77.1597,2.48436e+09
4.01,35,4.58198,77.1577,2.48045e+09
4.02,35,4.58246,77.1556,2.47654e+09
4.03,35,4.58294,77.1535,2.47266e+09
4.04,35,4.58342,77.1515,2.46878e+09
4.05,35,4.58389,77.1494,2.46493e+09
4.06,35,4.58437,77.1473,2.46108e+09
4.07,35,4.58485,77.1452,2.45726e+09
4.08,35,4.58533,77.1432,2.45344e+09
4.09,35,4.5858,77.1411,2.44964e+09
4.1,35,4.58628,77.139,2.44586e+09
4.11,35,4.58676,77.1369,2.44209e+09
4.12,35,4.58723,77.1348,2.43834e+09
4.13,35,4.58771,77.1327,2.4346e+09
4.14,35,4.58819,77.1307,2.43087e+09
4.15,35,4.58866,77.1286,2.42716e+09
4.16,35,4.58914,77.1265,2.42346e+09
4.17,35,4.58961,77.1244,2.41977e+09
4.18,35,4.59009,77.1223,2.4161e+09
4.19,35,4.59056,77.1202,2.41245e+09
4.2,35,4.59104,77.1181,2.40881e+09
4.21,35,4.59151,77.116,2.40518e+09
4.22,35,4.59199,77.1139,2.40156e+09
4.23,35,4.59246,77.1118,2.39796e+09
4.24,35,4.59294,77.1097,2.39437e+09
4.25,35,4.59341,77.1075,2.3908e+09
4.26,35,4.59389,77.1054,2.38723e+09
4.27,35,4.59436,77.1033,2.38369e+09
4.28,35,4.59484,77.1012,2.38015e+09
4.29,35,4.59531,77.0991,2.37663e+09
4.3,35,4.59578,77.097,2.37312e+09
4.31,35,4.59626,77.0949,2.36962e+09
4.32,35,4.59673,77.0927,2.36614e+09
4.33,35,4.5972,77.0906,2.36267e+09
4.34,35,4.59767,77.0885,2.35921e+09
4.35,35,4.59815,77.0864,2.35577e+09
4.36,35,4.59862,77.0842,2.35233e+09
4.37,35,4.59909,77.0821,2.34891e+09
4.38,35,4.59956,77.08,2.34551e+09
4.39,35,4.60004,77.0778,2.34211e+09
4.4,35,4.60051,77.0757,2.33873e+09
4.41,35,4.60098,77.0736,2.33536e+09
4.42,35,4.60145,77.0714,2.332e+09
4.43,35,4.60192,77.0693,2.32866e+09
4.44,35,4.60239,77.0671,2.32532e+09
4.45,35,4.60286,77.065,2.322e+09
4.46,35,4.60333,77.0629,2.31869e+09
4.47,35,4.6038,77.0607,2.31539e+09
4.48,35,4.60427,77.0586,2.31211e+09
4.49,35,4.60474,77.0564,2.30883e+09
4.5,35,4.60521,77.0543,2.30557e+09
4.51,35,4.60568,77.0521,2.30232e+09
4.52,35,4.60615,77.0499,2.29908e+09
4.53,35,4.60662,77.0478,2.29585e+09
4.54,35,4.60709,77.0456,2.29263e+09
4.55,35,4.60756,77.0435,2.28943e+09
4.56,35,4.60803,77.0413,2.28623e+09
4.57,35,4.6085,77.0391,2.28305e+09
4.58,35,4.60897,77.037,2.27988e+09
4.59,35,4.60943,77.0348,2.27672e+09
4.6,35,4.6099,77.0326,2.27357e+09
4.61,35,4.61037,77.0305,2.27043e+09
4.62,35,4.61084,77.0283,2.26731e+09
4.63,35,4.61131,77.0261,2.26419e+09
4.64,35,4.61177,77.0239,2.26108e+09
4.65,35,4.61224,77.0218,2.25799e+09
4.66,35,4.61271,77.0196,2.25491e+09
4.67,35,4.61317,77.0174,2.25183e+09
4.68,35,4.61364,77.0152,2.24877e+09
4.69,35,4.61411,77.013,2.24572e+09
4.7,35,4.61457,77.0108,2.24268e+09
4.71,35,4.61504,77.0087,2.23965e+09
4.72,35,4.61551,77.0065,2.23663e+09
4.73,35,4.61597,77.0043,2.23362e+09
4.74,35,4.61644,77.0021,2.23062e+09
4.75,35,4.6169,76.9999,2.22763e+09
4.76,35,4.61737,76.9977,2.22465e+09
4.77,35,4.61783,76.9955,2.22168e+09
4.78,35,4.6183,76.9933,2.21872e+09
4.79,35,4.61876,76.9911,2.21578e+09
4.8,35,4.61923,76.9889,2.21284e+09
4.81,35,4.61969,76.9867,2.20991e+09
4.82,35,4.62016,76.9845,2.20699e+09
4.83,35,4.62062,76.9823,2.20408e+09
4.84,35,4.62108,76.9801,2.20118e+09
4.85,35,4.62155,76.9778,2.19829e+09
4.86,35,4.62201,76.9756,2.19541e+09
4.87,35,4.62247,76.9734,2.19255e+09
4.88,35,4.62294,76.9712,2.18969e+09
4.89,35,4.6234,76.969,2.18683e+09
4.9,35,4.62386,76.9668,2.18399e+09
4.91,35,4.62432,76.9645,2.18116e+09
4.92,35,4.62479,76.9623,2.17834e+09
4.93,35,4.62525,76.9601,2.17553e+09
4.94,35,4.62571,76.9579,2.17273e+09
4.95,35,4.62617,76.9556,2.16993e+09
4.96,35,4.62663,76.9534,2.16715e+09
4.97,35,4.6271,76.9512,2.16437e+09
4.98,35,4.62756,76.9489,2.16161e+09
4.99,35,4.62802,76.9467,2.15885e+09
5,35,4.62848,76.9445,2.1561e+09
5.01,35,4.62894,76.9422,2.15336e+09
5.02,35,4.6294,76.94,2.15063e+09
5.03,35,4.62986,76.9377,2.14791e+09
5.04,35,4.63032,76.9355,2.1452e+09
5.05,35,4.63078,76.9333,2.1425e+09
5.06,35,4.63124,76.931,2.1398e+09
5.07,35,4.6317,76.9288,2.13712e+09
5.08,35,4.63216,76.9265,2.13444e+09
5.09,35,4.63262,76.9243,2.13177e+09
5.1,35,4.63308,76.922,2.12911e+09
5.11,35,4.63354,76.9198,2.12646e+09
5.12,35,4.634,76.9175,2.12382e+09
5.13,35,4.63445,76.9152,2.12119e+09
5.14,35,4.63491,76.913,2.11856e+09
5.15,35,4.63537,76.9107,2.11595e+09
5.16,35,4.63583,76.9085,2.11334e+09
5.17,35,4.63629,76.9062,2.11074e+09
5.18,35,4.63674,76.9039,2.10815e+09
5.19,35,4.6372,76.9017,2.10556e+09
5.2,35,4.63766,76.8994,2.10299e+09
5.21,35,4.63812,76.8971,2.10042e+09
5.22,35,4.63857,76.8948,2.09786e+09
5.23,35,4.63903,76.8926,2.09531e+09
5.24,35,4.63949,76.8903,2.09277e+09
5.25,35,4.63994,76.888,2.09024e+09
5.26,35,4.6404,76.8857,2.08771e+09
5.27,35,4.64085,76.8835,2.08519e+09
5.28,35,4.64131,76.8812,2.08268e+09
5.29,35,4.64177,76.8789,2.08018e+09
5.3,35,4.64222,76.8766,2.07769e+09
5.31,35,4.64268,76.8743,2.0752e+09
5.32,35,4.64313,76.872,2.07272e+09
5.33,35,4.64359,76.8697,2.07025e+09
5.34,35,4.64404,76.8674,2.06779e+09
5.35,35,4.6445,76.8652,2.06533e+09
5.36,35,4.64495,76.8629,2.06289e+09
5.37,35,4.6454,76.8606,2.06045e+09
5.38,35,4.64586,76.8583,2.05801e+09
5.39,35,4.64631,76.856,2.05559e+09
5.4,35,4.64677,76.8537,2.05317e+09
5.41,35,4.64722,76.8514,2.05076e+09
5.42,35,4.64767,76.8491,2.04836e+09
5.43,35,4.64813,76.8467,2.04596e+09
5.44,35,4.64858,76.8444,2.04358e+09
5.45,35,4.64903,76.8421,2.0412e+09
5.46,35,4.64948,76.8398,2.03882e+09
5.47,35,4.64994,76.8375,2.03646e+09
5.48,35,4.65039,76.8352,2.0341e+09
5.49,35,4.65084,76.8329,2.03175e+09
5.5,35,4.65129,76.8306,2.02941e+09
5.51,35,4.65174,76.8282,2.02707e+09
5.52,35,4.65219,76.8259,2.02474e+09
5.53,35,4.65265,76.8236,2.02242e+09
5.54,35,4.6531,76.8213,2.0201e+09
5.55,35,4.65355,76.8189,2.01779e+09
5.56,35,4.654,76.8166,2.01549e+09
5.57,35,4.65445,76.8143,2.0132e+09
5.58,35,4.6549,76.812,2.01091e+09
5.59,35,4.65535,76.8096,2.00863e+09
5.6,35,4.6558,76.8073,2.00636e+09
5.61,35,4.65625,76.805,2.00409e+09
5.62,35,4.6567,76.8026,2.00183e+09
5.63,35,4.65715,76.8003,1.99958e+09
5.64,35,4.6576,76.7979,1.99733e+09
5.65,35,4.65805,76.7956,1.99509e+09
5.66,35,4.65849,76.7933,1.99286e+09
5.67,35,4.65894,76.7909,1.99063e+09
5.68,35,4.65939,76.7886,1.98841e+09
5.69,35,4.65984,76.7862,1.9862e+09
5.7,35,4.66029,76.7839,1.98399e+09
5.71,35,4.66074,76.7815,1.9818e+09
5.72,35,4.66118,76.7792,1.9796e+09
5.73,35,4.66163,76.7768,1.97742e+09
5.74,35,4.66208,76.7745,1.97524e+09
5.75,35,4.66252,76.7721,1.97306e+09
5.76,35,4.66297,76.7697,1.97089e+09
5.77,35,4.66342,76.7674,1.96873e+09
5.78,35,4.66387,76.765,1.96658e+09
5.79,35,4.66431,76.7627,1.96443e+09
5.8,35,4.66476,76.7603,1.96229e+09
5.81,35,4.6652,76.7579,1.96015e+09
5.82,35,4.66565,76.7556,1.95802e+09
5.83,35,4.6661,76.7532,1.9559e+09
5.84,35,4.66654,76.7508,1.95379e+09
5.85,35,4.66699,76.7484,1.95167e+09
5.86,35,4.66743,76.7461,1.94957e+09
5.87,35,4.66788,76.7437,1.94747e+09
5.88,35,4.66832,76.7413,1.94538e+09
5.89,35,4.66876,76.7389,1.94329e+09
5.9,35,4.66921,76.7366,1.94121e+09
5.91,35,4.66965,76.7342,1.93914e+09
5.92,35,4.6701,76.7318,1.93707e+09
5.93,35,4.67054,76.7294,1.93501e+09
5.94,35,4.67098,76.727,1.93295e+09
5.95,35,4.67143,76.7246,1.9309e+09
5.96,35,4.67187,76.7222,1.92886e+09
5.97,35,4.67231,76.7199,1.92682e+09
5.98,35,4.67276,76.7175,1.92479e+09
5.99,35,4.6732,76.7151,1.92276e+09
6,35,4.67364,76.7127,1.92074e+09
6.01,35,4.67408,76.7103,1.91872e+09
6.02,35,4.67453,76.7079,1.91672e+09
6.03,35,4.67497,76.7055,1.91471e+09
6.04,35,4.67541,76.7031,1.91271e+09
6.05,35,4.67585,76.7007,1.91072e+09
6.06,35,4.67629,76.6983,1.90873e+09
6.07,35,4.67673,76.6959,1.90675e+09
6.08,35,4.67717,76.6935,1.90478e+09
6.09,35,4.67762,76.6911,1.90281e+09
6.1,35,4.67806,76.6886,1.90084e+09
6.11,35,4.6785,76.6862,1.89889e+09
6.12,35,4.67894,76.6838,1.89693e+09
6.13,35,4.67938,76.6814,1.89499e+09
6.14,35,4.67982,76.679,1.89304e+09
6.15,35,4.68026,76.6766,1.89111e+09
6.16,35,4.6807,76.6741,1.88918e+09
6.17,35,4.68113,76.6717,1.88725e+09
6.18,35,4.68157,76.6693,1.88533e+09
6.19,35,4.68201,76.6669,1.88341e+09
6.2,35,4.68245,76.6645,1.8815e+09
6.21,35,4.68289,76.662,1.8796e+09
6.22,35,4.68333,76.6596,1.8777e+09
6.23,35,4.68377,76.6572,1.87581e+09
6.24,35,4.6842,76.6547,1.87392e+09
6.25,35,4.68464,76.6523,1.87203e+09
6.26,35,4.68508,76.6499,1.87016e+09
6.27,35,4.68552,76.6474,1.86828e+09
6.28,35,4.68595,76.645,1.86642e+09
6.29,35,4.68639,76.6426,1.86455e+09
6.3,35,4.68683,76.6401,1.8627e+09
6.31,35,4.68726,76.6377,1.86084e+09
6.32,35,4.6877,76.6352,1.859e+09
6.33,35,4.68814,76.6328,1.85715e+09
6.34,35,4.68857,76.6303,1.85532e+09
6.35,35,4.68901,76.6279,1.85348e+09
6.36,35,4.68944,76.6254,1.85166e+09
6.37,35,4.68988,76.623,1.84984e+09
6.38,35,4.69032,76.6205,1.84802e+09
6.39,35,4.69075,76.6181,1.84621e+09
6.4,35,4.69119,76.6156,1.8444e+09
6.41,35,4.69162,76.6132,1.8426e+09
6.42,35,4.69205,76.6107,1.8408e+09
6.43,35,4.69249,76.6083,1.83901e+09
6.44,35,4.69292,76.6058,1.83722e+09
6.45,35,4.69336,76.6033,1.83544e+09
6.46,35,4.69379,76.6009,1.83366e+09
6.47,35,4.69422,76.5984,1.83189e+09
6.48,35,4.69466,76.5959,1.83012e+09
6.49,35,4.69509,76.5935,1.82835e+09
6.5,35,4.69552,76.591,1.82659e+09
6.51,35,4.69596,76.5885,1.82484e+09
6.52,35,4.69639,76.5861,1.82309e+09
6.53,35,4.69682,76.5836,1.82135e+09
6.54,35,4.69725,76.5811,1.81961e+09
6.55,35,4.69769,76.5786,1.81787e+09
6.56,35,4.69812,76.5761,1.81614e+09
6.57,35,4.69855,76.5737,1.81441e+09
6.58,35,4.69898,76.5712,1.81269e+09
6.59,35,4.69941,76.5687,1.81097e+09
6.6,35,4.69984,76.5662,1.80926e+09
6.61,35,4.70027,76.5637,1.80755e+09
6.62,35,4.7007,76.5612,1.80585e+09
6.63,35,4.70114,76.5588,1.80415e+09
6.64,35,4.70157,76.5563,1.80246e+09
6.65,35,4.702,76.5538,1.80077e+09
6.66,35,4.70243,76.5513,1.79908e+09
6.67,35,4.70286,76.5488,1.7974e+09
6.68,35,4.70328,76.5463,1.79572e+09
6.69,35,4.70371,76.5438,1.79405e+09
6.7,35,4.70414,76.5413,1.79238e+09
6.71,35,4.70457,76.5388,1.79072e+09
6.72,35,4.705,76.5363,1.78906e+09
6.73,35,4.70543,76.5338,1.78741e+09
6.74,35,4.70586,76.5313,1.78576e+09
6.75,35,4.70629,76.5288,1.78411e+09
6.76,35,4.70671,76.5263,1.78247e+09
6.77,35,4.70714,76.5238,1.78083e+09
6.78,35,4.70757,76.5213,1.7792e+09
6.79,35,4.708,76.5187,1.77757e+09
6.8,35,4.70842,76.5162,1.77594e+09
6.81,35,4.70885,76.5137,1.77432e+09
6.82,35,4.70928,76.5112,1.77271e+09
6.83,35,4.70971,76.5087,1.7711e+09
6.84,35,4.71013,76.5062,1.76949e+09
6.85,35,4.71056,76.5036,1.76788e+09
6.86,35,4.71098,76.5011,1.76628e+09
6.87,35,4.71141,76.4986,1.76469e+09
6.88,35,4.71184,76.4961,1.7631e+09
6.89,35,4.71226,76.4936,1.76151e+09
6.9,35,4.71269,76.491,1.75993e+09
6.91,35,4.71311,76.4885,1.75835e+09
6.92,35,4.71354,76.486,1.75677e+09
6.93,35,4.71396,76.4834,1.7552e+09
6.94,35,4.71439,76.4809,1.75363e+09
6.95,35,4.71481,76.4784,1.75207e+09
6.96,35,4.71523,76.4758,1.75051e+09
6.97,35,4.71566,76.4733,1.74896e+09
6.98,35,4.71608,76.4708,1.7474e+09
6.99,35,4.71651,76.4682,1.74586e+09
7,35,4.71693,76.4657,1.74431e+09
7.01,35,4.71735,76.4631,1.74277e+09
7.02,35,4.71778,76.4606,1.74124e+09
7.03,35,4.7182,76.458,1.73971e+09
7.04,35,4.71862,76.4555,1.73818e+09
7.05,35,4.71904,76.453,1.73666e+09
7.06,35,4.71947,76.4504,1.73514e+09
7.07,35,4.71989,76.4479,1.73362e+09
7.08,35,4.72031,76.4453,1.73211e+09
7.09,35,4.72073,76.4428,1.7306e+09
7.1,35,4.72115,76.4402,1.72909e+09
7.11,35,4.72157,76.4376,1.72759e+09
7.12,35,4.72199,76.4351,1.72609e+09
7.13,35,4.72242,76.4325,1.7246e+09
7.14,35,4.72284,76.43,1.72311e+09
7.15,35,4.72326,76.4274,1.72162e+09
7.16,35,4.72368,76.4248,1.72014e+09
7.17,35,4.7241,76.4223,1.71866e+09
7.18,35,4.72452,76.4197,1.71719e+09
7.19,35,4.72494,76.4171,1.71572e+09
7.2,35,4.72536,76.4146,1.71425e+09
7.21,35,4.72578,76.412,1.71279e+09
7.22,35,4.72619,76.4094,1.71132e+09
7.23,35,4.72661,76.4069,1.70987e+09
7.24,35,4.72703,76.4043,1.70841e+09
7.25,35,4.72745,76.4017,1.70696e+09
7.26,35,4.72787,76.3991,1.70552e+09
7.27,35,4.72829,76.3966,1.70408e+09
7.28,35,4.7287,76.394,1.70264e+09
7.29,35,4.72912,76.3914,1.7012e+09
7.3,35,4.72954,76.3888,1.69977e+09
7.31,35,4.72996,76.3862,1.69834e+09
7.32,35,4.73037,76.3836,1.69692e+09
7.33,35,4.73079,76.3811,1.6955e+09
7.34,35,4.73121,76.3785,1.69408e+09
7.35,35,4.73163,76.3759,1.69266e+09
7.36,35,4.73204,76.3733,1.69125e+09
7.37,35,4.73246,76.3707,1.68984e+09
7.38,35,4.73287,76.3681,1.68844e+09
7.39,35,4.73329,76.3655,1.68704e+09
7.4,35,4.7337,76.3629,1.68564e+09
7.41,35,4.73412,76.3603,1.68425e+09
7.42,35,4.73454,76.3577,1.68286e+09
7.43,35,4.73495,76.3551,1.68147e+09
7.44,35,4.73537,76.3525,1.68009e+09
7.45,35,4.73578,76.3499,1.67871e+09
7.46,35,4.73619,76.3473,1.67733e+09
7.47,35,4.73661,76.3447,1.67595e+09
7.48,35,4.73702,76.3421,1.67458e+09
7.49,35,4.73744,76.3395,1.67322e+09
7.5,35,4.73785,76.3369,1.67185e+09
7.51,35,4.73826,76.3343,1.67049e+09
7.52,35,4.73868,76.3317,1.66913e+09
7.53,35,4.73909,76.3291,1.66778e+09
7.54,35,4.7395,76.3264,1.66643e+09
7.55,35,4.73992,76.3238,1.66508e+09
7.56,35,4.74033,76.3212,1.66374e+09
7.57,35,4.74074,76.3186,1.6624e+09
7.58,35,4.74115,76.316,1.66106e+09
7.59,35,4.74156,76.3134,1.65972e+09
7.6,35,4.74198,76.3107,1.65839e+09
7.61,35,4.74239,76.3081,1.65706e+09
7.62,35,4.7428,76.3055,1.65574e+09
7.63,35,4.74321,76.3029,1.65442e+09
7.64,35,4.74362,76.3002,1.6531e+09
7.65,35,4.74403,76.2976,1.65178e+09
7.66,35,4.74444,76.295,1.65047e+09
7.67,35,4.74485,76.2923,1.64916e+09
7.68,35,4.74526,76.2897,1.64785e+09
7.69,35,4.74567,76.2871,1.64655e+09
7.7,35,4.74608,76.2844,1.64525e+09
7.71,35,4.74649,76.2818,1.64395e+09
7.72,35,4.7469,76.2792,1.64265e+09
7.73,35,4.74731,76.2765,1.64136e+09
7.74,35,4.74772,76.2739,1.64008e+09
7.75,35,4.74813,76.2712,1.63879e+09
7.76,35,4.74854,76.2686,1.63751e+09
7.77,35,4.74894,76.266,1.63623e+09
7.78,35,4.74935,76.2633,1.63495e+09
7.79,35,4.74976,76.2607,1.63368e+09
7.8,35,4.75017,76.258,1.63241e+09
7.81,35,4.75057,76.2554,1.63114e+09
7.82,35,4.75098,76.2527,1.62988e+09
7.83,35,4.75139,76.2501,1.62861e+09
7.84,35,4.7518,76.2474,1.62736e+09
7.85,35,4.7522,76.2448,1.6261e+09
7.86,35,4.75261,76.2421,1.62485e+09
7.87,35,4.75302,76.2394,1.6236e+09
7.88,35,4.75342,76.2368,1.62235e+09
7.89,35,4.75383,76.2341,1.62111e+09
7.9,35,4.75423,76.2315,1.61987e+09
7.91,35,4.75464,76.2288,1.61863e+09
7.92,35,4.75504,76.2261,1.61739e+09
7.93,35,4.75545,76.2235,1.61616e+09
7.94,35,4.75585,76.2208,1.61493e+09
7.95,35,4.75626,76.2181,1.6137e+09
7.96,35,4.75666,76.2155,1.61248e+09
7.97,35,4.75707,76.2128,1.61126e+09
7.98,35,4.75747,76.2101,1.61004e+09
7.99,35,4.75788,76.2075,1.60882e+09
8,35,4.75828,76.2048,1.60761e+09
8.01,35,4.75868,76.2021,1.6064e+09
8.02,35,4.75909,76.1994,1.60519e+09
8.03,35,4.75949,76.1968,1.60399e+09
8.04,35,4.75989,76.1941,1.60278e+09
8.05,35,4.7603,76.1914,1.60159e+09
8.06,35,4.7607,76.1887,1.60039e+09
8.07,35,4.7611,76.186,1.59919e+09
8.08,35,4.7615,76.1834,1.598e+09
8.09,35,4.7619,76.1807,1.59682e+09
8.1,35,4.76231,76.178,1.59563e+09
8.11,35,4.76271,76.1753,1.59445e+09
8.12,35,4.76311,76.1726,1.59327e+09
8.13,35,4.76351,76.1699,1.59209e+09
8.14,35,4.76391,76.1672,1.59091e+09
8.15,35,4.76431,76.1645,1.58974e+09
8.16,35,4.76471,76.1619,1.58857e+09
8.17,35,4.76511,76.1592,1.5874e+09
8.18,35,4.76551,76.1565,1.58624e+09
8.19,35,4.76591,76.1538,1.58508e+09
8.2,35,4.76631,76.1511,1.58392e+09
8.21,35,4.76671,76.1484,1.58276e+09
8.22,35,4.76711,76.1457,1.58161e+09
8.23,35,4.76751,76.143,1.58046e+09
8.24,35,4.76791,76.1403,1.57931e+09
8.25,35,4.76831,76.1376,1.57816e+09
8.26,35,4.76871,76.1349,1.57702e+09
8.27,35,4.76911,76.1321,1.57588e+09
8.28,35,4.7695,76.1294,1.57474e+09
8.29,35,4.7699,76.1267,1.5736e+09
8.3,35,4.7703,76.124,1.57247e+09
8.31,35,4.7707,76.1213,1.57134e+09
8.32,35,4.77109,76.1186,1.57021e+09
8.33,35,4.77149,76.1159,1.56908e+09
8.34,35,4.77189,76.1132,1.56796e+09
8.35,35,4.77228,76.1104,1.56684e+09
8.36,35,4.77268,76.1077,1.56572e+09
8.37,35,4.77308,76.105,1.5646e+09
8.38,35,4.77347,76.1023,1.56349e+09
8.39,35,4.77387,76.0996,1.56238e+09
8.4,35,4.77427,76.0968,1.56127e+09
8.41,35,4.77466,76.0941,1.56016e+09
8.42,35,4.77506,76.0914,1.55906e+09
8.43,35,4.77545,76.0887,1.55795e+09
8.44,35,4.77585,76.0859,1.55686e+09
8.45,35,4.77624,76.0832,1.55576e+09
8.46,35,4.77664,76.0805,1.55466e+09
8.47,35,4.77703,76.0778,1.55357e+09
8.48,35,4.77742,76.075,1.55248e+09
8.49,35,4.77782,76.0723,1.5514e+09
8.5,35,4.77821,76.0696,1.55031e+09
8.51,35,4.7786,76.0668,1.54923e+09
8.52,35,4.779,76.0641,1.54815e+09
8.53,35,4.77939,76.0613,1.54707e+09
8.54,35,4.77978,76.0586,1.54599e+09
8.55,35,4.78018,76.0559,1.54492e+09
8.56,35,4.78057,76.0531,1.54385e+09
8.57,35,4.78096,76.0504,1.54278e+09
8.58,35,4.78135,76.0476,1.54172e+09
8.59,35,4.78175,76.0449,1.54065e+09
8.6,35,4.78214,76.0421,1.53959e+09
8.61,35,4.78253,76.0394,1.53853e+09
8.62,35,4.78292,76.0366,1.53747e+09
8.63,35,4.78331,76.0339,1.53642e+09
8.64,35,4.7837,76.0311,1.53537e+09
8.65,35,4.78409,76.0284,1.53432e+09
8.66,35,4.78448,76.0256,1.53327e+09
8.67,35,4.78487,76.0229,1.53222e+09
8.68,35,4.78526,76.0201,1.53118e+09
8.69,35,4.78565,76.0174,1.53014e+09
8.7,35,4.78604,76.0146,1.5291e+09
8.71,35,4.78643,76.0119,1.52806e+09
8.72,35,4.78682,76.0091,1.52703e+09
8.73,35,4.78721,76.0063,1.526e+09
8.74,35,4.7876,76.0036,1.52497e+09
8.75,35,4.78799,76.0008,1.52394e+09
8.76,35,4.78838,75.998,1.52291e+09
8.77,35,4.78876,75.9953,1.52189e+09
8.78,35,4.78915,75.9925,1.52087e+09
8.79,35,4.78954,75.9897,1.51985e+09
8.8,35,4.78993,75.987,1.51883e+09
8.81,35,4.79032,75.9842,1.51782e+09
8.82,35,4.7907,75.9814,1.5168e+09
8.83,35,4.79109,75.9787,1.51579e+09
8.84,35,4.79148,75.9759,1.51478e+09
8.85,35,4.79186,75.9731,1.51378e+09
8.86,35,4.79225,75.9703,1.51277e+09
8.87,35,4.79264,75.9676,1.51177e+09
8.88,35,4.79302,75.9648,1.51077e+09
8.89,35,4.79341,75.962,1.50977e+09
8.9,35,4.79379,75.9592,1.50878e+09
8.91,35,4.79418,75.9564,1.50778e+09
8.92,35,4.79456,75.9536,1.50679e+09
8.93,35,4.79495,75.9509,1.5058e+09
8.94,35,4.79533,75.9481,1.50482e+09
8.95,35,4.79572,75.9453,1.50383e+09
8.96,35,4.7961,75.9425,1.50285e+09
8.97,35,4.79649,75.9397,1.50187e+09
8.98,35,4.79687,75.9369,1.50089e+09
8.99,35,4.79725,75.9341,1.49991e+09
9,35,4.79764,75.9313,1.49893e+09
9.01,35,4.79802,75.9285,1.49796e+09
9.02,35,4.7984,75.9257,1.49699e+09
9.03,35,4.79879,75.923,1.49602e+09
9.04,35,4.79917,75.9202,1.49505e+09
9.05,35,4.79955,75.9174,1.49409e+09
9.06,35,4.79993,75.9146,1.49313e+09
9.07,35,4.80032,75.9118,1.49217e+09
9.08,35,4.8007,75.909,1.49121e+09
9.09,35,4.80108,75.9062,1.49025e+09
9.1,35,4.80146,75.9034,1.48929e+09
9.11,35,4.80184,75.9005,1.48834e+09
9.12,35,4.80222,75.8977,1.48739e+09
9.13,35,4.8026,75.8949,1.48644e+09
9.14,35,4.80298,75.8921,1.48549e+09
9.15,35,4.80337,75.8893,1.48455e+09
9.16,35,4.80375,75.8865,1.4836e+09
9.17,35,4.80413,75.8837,1.48266e+09
9.18,35,4.80451,75.8809,1.48172e+09
9.19,35,4.80488,75.8781,1.48079e+09
9.2,35,4.80526,75.8753,1.47985e+09
9.21,35,4.80564,75.8724,1.47892e+09
9.22,35,4.80602,75.8696,1.47799e+09
9.23,35,4.8064,75.8668,1.47706e+09
9.24,35,4.80678,75.864,1.47613e+09
9.25,35,4.80716,75.8612,1.4752e+09
9.26,35,4.80754,75.8583,1.47428e+09
9.27,35,4.80791,75.8555,1.47335e+09
9.28,35,4.80829,75.8527,1.47243e+09
9.29,35,4.80867,75.8499,1.47152e+09
9.3,35,4.80905,75.847,1.4706e+09
9.31,35,4.80942,75.8442,1.46968e+09
9.32,35,4.8098,75.8414,1.46877e+09
9.33,35,4.81018,75.8386,1.46786e+09
9.34,35,4.81055,75.8357,1.46695e+09
9.35,35,4.81093,75.8329,1.46604e+09
9.36,35,4.81131,75.8301,1.46514e+09
9.37,35,4.81168,75.8272,1.46423e+09
9.38,35,4.81206,75.8244,1.46333e+09
9.39,35,4.81243,75.8216,1.46243e+09
9.4,35,4.81281,75.8187,1.46153e+09
9.41,35,4.81318,75.8159,1.46064e+09
9.42,35,4.81356,75.8131,1.45974e+09
9.43,35,4.81393,75.8102,1.45885e+09
9.44,35,4.81431,75.8074,1.45796e+09
9.45,35,4.81468,75.8045,1.45707e+09
9.46,35,4.81506,75.8017,1.45618e+09
9.47,35,4.81543,75.7988,1.4553e+09
9.48,35,4.8158,75.796,1.45441e+09
9.49,35,4.81618,75.7932,1.45353e+09
9.5,35,4.81655,75.7903,1.45265e+09
9.51,35,4.81692,75.7875,1.45177e+09
9.52,35,4.8173,75.7846,1.45089e+09
9.53,35,4.81767,75.7818,1.45002e+09
9.54,35,4.81804,75.7789,1.44914e+09
9.55,35,4.81841,75.7761,1.44827e+09
9.56,35,4.81879,75.7732,1.4474e+09
9.57,35,4.81916,75.7703,1.44653e+09
9.58,35,4.81953,75.7675,1.44567e+09
9.59,35,4.8199,75.7646,1.4448e+09
9.6,35,4.82027,75.7618,1.44394e+09
9.61,35,4.82064,75.7589,1.44308e+09
9.62,35,4.82101,75.7561,1.44222e+09
9.63,35,4.82138,75.7532,1.44136e+09
9.64,35,4.82175,75.7503,1.4405e+09
9.65,35,4.82212,75.7475,1.43965e+09
9.66,35,4.82249,75.7446,1.4388e+09
9.67,35,4.82286,75.7417,1.43795e+09
9.68,35,4.82323,75.7389,1.4371e+09
9.69,35,4.8236,75.736,1.43625e+09
9.7,35,4.82397,75.7331,1.4354e+09
9.71,35,4.82434,75.7303,1.43456e+09
9.72,35,4.82471,75.7274,1.43371e+09
9.73,35,4.82508,75.7245,1.43287e+09
9.74,35,4.82544,75.7217,1.43203e+09
9.75,35,4.82581,75.7188,1.4312e+09
9.76,35,4.82618,75.7159,1.43036e+09
9.77,35,4.82655,75.713,1.42952e+09
9.78,35,4.82692,75.7102,1.42869e+09
9.79,35,4.82728,75.7073,1.42786e+09
9.8,35,4.82765,75.7044,1.42703e+09
9.81,35,4.82802,75.7015,1.4262e+09
9.82,35,4.82838,75.6986,1.42538e+09
9.83,35,4.82875,75.6958,1.42455e+09
9.84,35,4.82912,75.6929,1.42373e+09
9.85,35,4.82948,75.69,1.4229e+09
9.86,35,4.82985,75.6871,1.42208e+09
9.87,35,4.83021,75.6842,1.42127e+09
9.88,35,4.83058,75.6813,1.42045e+09
9.89,35,4.83094,75.6785,1.41963e+09
9.9,35,4.83131,75.6756,1.41882e+09
9.91,35,4.83167,75.6727,1.41801e+09
9.92,35,4.83204,75.6698,1.4172e+09
9.93,35,4.8324,75.6669,1.41639e+09
9.94,35,4.83277,75.664,1.41558e+09
9.95,35,4.83313,75.6611,1.41477e+09
9.96,35,4.83349,75.6582,1.41397e+09
9.97,35,4.83386,75.6553,1.41317e+09
9.98,35,4.83422,75.6524,1.41237e+09
9.99,35,4.83458,75.6495,1.41157e+09
10,35,4.83494,75.6466,1.41077e+09
10.01,35,4.83531,75.6437,1.40997e+09
10.02,35,4.83567,75.6408,1.40918e+09
10.03,35,4.83603,75.6379,1.40838e+09
10.04,35,4.83639,75.635,1.40759e+09
10.05,35,4.83676,75.6321,1.4068e+09
10.06,35,4.83712,75.6292,1.40601e+09
10.07,35,4.83748,75.6263,1.40522e+09
10.08,35,4.83784,75.6234,1.40444e+09
10.09,35,4.8382,75.6205,1.40365e+09
10.1,35,4.83856,75.6176,1.40287e+09
10.11,35,4.83892,75.6147,1.40209e+09
10.12,35,4.83928,75.6118,1.40131e+09
10.13,35,4.83964,75.6089,1.40053e+09
10.14,35,4.84,75.6059,1.39975e+09
10.15,35,4.84036,75.603,1.39898e+09
10.16,35,4.84072,75.6001,1.3982e+09
10.17,35,4.84108,75.5972,1.39743e+09
10.18,35,4.84144,75.5943,1.39666e+09
10.19,35,4.8418,75.5914,1.39589e+09
10.2,35,4.84216,75.5885,1.39512e+09
10.21,35,4.84251,75.5855,1.39435e+09
10.22,35,4.84287,75.5826,1.39359e+09
10.23,35,4.84323,75.5797,1.39282e+09
10.24,35,4.84359,75.5768,1.39206e+09
10.25,35,4.84395,75.5738,1.3913e+09
10.26,35,4.8443,75.5709,1.39054e+09
10.27,35,4.84466,75.568,1.38978e+09
10.28,35,4.84502,75.5651,1.38902e+09
10.29,35,4.84537,75.5621,1.38827e+09
10.3,35,4.84573,75.5592,1.38751e+09
10.31,35,4.84609,75.5563,1.38676e+09
10.32,35,4.84644,75.5534,1.38601e+09
10.33,35,4.8468,75.5504,1.38526e+09
10.34,35,4.84715,75.5475,1.38451e+09
10.35,35,4.84751,75.5446,1.38376e+09
10.36,35,4.84786,75.5416,1.38302e+09
10.37,35,4.84822,75.5387,1.38227e+09
10.38,35,4.84857,75.5358,1.38153e+09
10.39,35,4.84893,75.5328,1.38079e+09
10.4,35,4.84928,75.5299,1.38005e+09
10.41,35,4.84964,75.527,1.37931e+09
10.42,35,4.84999,75.524,1.37857e+09
10.43,35,4.85034,75.5211,1.37784e+09
10.44,35,4.8507,75.5181,1.3771e+09
10.45,35,4.85105,75.5152,1.37637e+09
10.46,35,4.8514,75.5122,1.37564e+09
10.47,35,4.85176,75.5093,1.37491e+09
10.48,35,4.85211,75.5064,1.37418e+09
10.49,35,4.85246,75.5034,1.37345e+09
10.5,35,4.85281,75.5005,1.37272e+09
10.51,35,4.85317,75.4975,1.372e+09
10.52,35,4.85352,75.4946,1.37128e+09
10.53,35,4.85387,75.4916,1.37055e+09
10.54,35,4.85422,75.4887,1.36983e+09
10.55,35,4.85457,75.4857,1.36911e+09
10.56,35,4.85492,75.4828,1.36839e+09
10.57,35,4.85527,75.4798,1.36768e+09
10.58,35,4.85562,75.4769,1.36696e+09
10.59,35,4.85597,75.4739,1.36625e+09
10.6,35,4.85632,75.471,1.36553e+09
10.61,35,4.85667,75.468,1.36482e+09
10.62,35,4.85702,75.465,1.36411e+09
10.63,35,4.85737,75.4621,1.3634e+09
10.64,35,4.85772,75.4591,1.36269e+09
10.65,35,4.85807,75.4562,1.36199e+09
10.66,35,4.85842,75.4532,1.36128e+09
10.67,35,4.85877,75.4502,1.36058e+09
10.68,35,4.85912,75.4473,1.35988e+09
10.69,35,4.85947,75.4443,1.35917e+09
10.7,35,4.85981,75.4413,1.35847e+09
10.71,35,4.86016,75.4384,1.35777e+09
10.72,35,4.86051,75.4354,1.35708e+09
10.73,35,4.86086,75.4324,1.35638e+09
10.74,35,4.8612,75.4295,1.35569e+09
10.75,35,4.86155,75.4265,1.35499e+09
10.76,35,4.8619,75.4235,1.3543e+09
10.77,35,4.86224,75.4206,1.35361e+09
10.78,35,4.86259,75.4176,1.35292e+09
10.79,35,4.86293,75.4146,1.35223e+09
10.8,35,4.86328,75.4116,1.35154e+09
10.81,35,4.86363,75.4087,1.35085e+09
10.82,35,4.86397,75.4057,1.35017e+09
10.83,35,4.86432,75.4027,1.34949e+09
10.84,35,4.86466,75.3997,1.3488e+09
10.85,35,4.86501,75.3968,1.34812e+09
10.86,35,4.86535,75.3938,1.34744e+09
10.87,35,4.86569,75.3908,1.34676e+09
10.88,35,4.86604,75.3878,1.34608e+09
10.89,35,4.86638,75.3848,1.34541e+09
10.9,35,4.86673,75.3819,1.34473e+09
10.91,35,4.86707,75.3789,1.34406e+09
10.92,35,4.86741,75.3759,1.34339e+09
10.93,35,4.86776,75.3729,1.34271e+09
10.94,35,4.8681,75.3699,1.34204e+09
10.95,35,4.86844,75.3669,1.34137e+09
10.96,35,4.86878,75.3639,1.34071e+09
10.97,35,4.86913,75.361,1.34004e+09
10.98,35,4.86947,75.358,1.33937e+09
10.99,35,4.86981,75.355,1.33871e+09
11,35,4.87015,75.352,1.33805e+09
11.01,35,4.87049,75.349,1.33738e+09
11.02,35,4.87083,75.346,1.33672e+09
11.03,35,4.87117,75.343,1.33606e+09
11.04,35,4.87151,75.34,1.3354e+09
11.05,35,4.87186,75.337,1.33475e+09
11.06,35,4.8722,75.334,1.33409e+09
11.07,35,4.87254,75.331,1.33343e+09
11.08,35,4.87288,75.328,1.33278e+09
11.09,35,4.87321,75.325,1.33213e+09
11.1,35,4.87355,75.322,1.33148e+09
11.11,35,4.87389,75.319,1.33083e+09
11.12,35,4.87423,75.316,1.33018e+09
11.13,35,4.87457,75.313,1.32953e+09
11.14,35,4.87491,75.31,1.32888e+09
11.15,35,4.87525,75.307,1.32824e+09
11.16,35,4.87559,75.304,1.32759e+09
11.17,35,4.87592,75.301,1.32695e+09
11.18,35,4.87626,75.298,1.3263e+09
11.19,35,4.8766,75.295,1.32566e+09
11.2,35,4.87694,75.292,1.32502e+09
11.21,35,4.87727,75.289,1.32438e+09
11.22,35,4.87761,75.286,1.32375e+09
11.23,35,4.87795,75.283,1.32311e+09
11.24,35,4.87828,75.2799,1.32247e+09
11.25,35,4.87862,75.2769,1.32184e+09
11.26,35,4.87895,75.2739,1.32121e+09
11.27,35,4.87929,75.2709,1.32057e+09
11.28,35,4.87963,75.2679,1.31994e+09
11.29,35,4.87996,75.2649,1.31931e+09
11.3,35,4.8803,75.2619,1.31868e+09
11.31,35,4.88063,75.2588,1.31805e+09
11.32,35,4.88097,75.2558,1.31743e+09
11.33,35,4.8813,75.2528,1.3168e+09
11.34,35,4.88163,75.2498,1.31618e+09
11.35,35,4.88197,75.2468,1.31555e+09
11.36,35,4.8823,75.2437,1.31493e+09
11.37,35,4.88263,75.2407,1.31431e+09
11.38,35,4.88297,75.2377,1.31369e+09
11.39,35,4.8833,75.2347,1.31307e+09
11.4,35,4.88363,75.2317,1.31245e+09
11.41,35,4.88397,75.2286,1.31183e+09
11.42,35,4.8843,75.2256,1.31122e+09
11.43,35,4.88463,75.2226,1.3106e+09
11.44,35,4.88496,75.2195,1.30999e+09
11.45,35,4.88529,75.2165,1.30938e+09
11.46,35,4.88563,75.2135,1.30876e+09
11.47,35,4.88596,75.2105,1.30815e+09
11.48,35,4.88629,75.2074,1.30754e+09
11.49,35,4.88662,75.2044,1.30694e+09
11.5,35,4.88695,75.2014,1.30633e+09
11.51,35,4.88728,75.1983,1.30572e+09
11.52,35,4.88761,75.1953,1.30512e+09
11.53,35,4.88794,75.1923,1.30451e+09
11.54,35,4.88827,75.1892,1.30391e+09
11.55,35,4.8886,75.1862,1.30331e+09
11.56,35,4.88893,75.1832,1.3027e+09
11.57,35,4.88926,75.1801,1.3021e+09
11.58,35,4.88959,75.1771,1.3015e+09
11.59,35,4.88992,75.174,1.30091e+09
11.6,35,4.89025,75.171,1.30031e+09
11.61,35,4.89057,75.168,1.29971e+09
11.62,35,4.8909,75.1649,1.29912e+09
11.63,35,4.89123,75.1619,1.29852e+09
11.64,35,4.89156,75.1588,1.29793e+09
11.65,35,4.89188,75.1558,1.29734e+09
11.66,35,4.89221,75.1527,1.29675e+09
11.67,35,4.89254,75.1497,1.29616e+09
11.68,35,4.89287,75.1466,1.29557e+09
11.69,35,4.89319,75.1436,1.29498e+09
11.7,35,4.89352,75.1405,1.29439e+09
11.71,35,4.89384,75.1375,1.29381e+09
11.72,35,4.89417,75.1344,1.29322e+09
11.73,35,4.8945,75.1314,1.29264e+09
11.74,35,4.89482,75.1283,1.29205e+09
11.75,35,4.89515,75.1253,1.29147e+09
11.76,35,4.89547,75.1222,1.29089e+09
11.77,35,4.8958,75.1192,1.29031e+09
11.78,35,4.89612,75.1161,1.28973e+09
11.79,35,4.89645,75.1131,1.28915e+09
11.8,35,4.89677,75.11,1.28858e+09
11.81,35,4.89709,75.107,1.288e+09
11.82,35,4.89742,75.1039,1.28742e+09
11.83,35,4.89774,75.1009,1.28685e+09
11.84,35,4.89806,75.0978,1.28628e+09
11.85,35,4.89839,75.0947,1.2857e+09
11.86,35,4.89871,75.0917,1.28513e+09
11.87,35,4.89903,75.0886,1.28456e+09
11.88,35,4.89935,75.0855,1.28399e+09
11.89,35,4.89968,75.0825,1.28342e+09
11.9,35,4.9,75.0794,1.28286e+09
11.91,35,4.90032,75.0764,1.28229e+09
11.92,35,4.90064,75.0733,1.28172e+09
11.93,35,4.90096,75.0702,1.28116e+09
11.94,35,4.90128,75.0672,1.2806e+09
11.95,35,4.9016,75.0641,1.28003e+09
11.96,35,4.90193,75.061,1.27947e+09
11.97,35,4.90225,75.058,1.27891e+09
11.98,35,4.90257,75.0549,1.27835e+09
11.99,35,4.90289,75.0518,1.27779e+09
12,35,4.90321,75.0488,1.27723e+09
12.01,35,4.90353,75.0457,1.27668e+09
12.02,35,4.90384,75.0426,1.27612e+09
12.03,35,4.90416,75.0395,1.27556e+09
12.04,35,4.90448,75.0365,1.27501e+09
12.05,35,4.9048,75.0334,1.27446e+09
12.06,35,4.90512,75.0303,1.2739e+09
12.07,35,4.90544,75.0272,1.27335e+09
12.08,35,4.90576,75.0242,1.2728e+09
12.09,35,4.90607,75.0211,1.27225e+09
12.1,35,4.90639,75.018,1.2717e+09
12.11,35,4.90671,75.0149,1.27115e+09
12.12,35,4.90703,75.0118,1.27061e+09
12.13,35,4.90734,75.0088,1.27006e+09
12.14,35,4.90766,75.0057,1.26952e+09
12.15,35,4.90798,75.0026,1.26897e+09
12.16,35,4.90829,74.9995,1.26843e+09
12.17,35,4.90861,74.9964,1.26789e+09
12.18,35,4.90892,74.9934,1.26734e+09
12.19,35,4.90924,74.9903,1.2668e+09
12.2,35,4.90955,74.9872,1.26626e+09
12.21,35,4.90987,74.9841,1.26572e+09
12.22,35,4.91018,74.981,1.26519e+09
12.23,35,4.9105,74.9779,1.26465e+09
12.24,35,4.91081,74.9748,1.26411e+09
12.25,35,4.91113,74.9718,1.26358e+09
12.26,35,4.91144,74.9687,1.26304e+09
12.27,35,4.91176,74.9656,1.26251e+09
12.28,35,4.91207,74.9625,1.26198e+09
12.29,35,4.91238,74.9594,1.26144e+09
12.3,35,4.9127,74.9563,1.26091e+09
12.31,35,4.91301,74.9532,1.26038e+09
12.32,35,4.91332,74.9501,1.25985e+09
12.33,35,4.91363,74.947,1.25932e+09
12.34,35,4.91395,74.9439,1.2588e+09
12.35,35,4.91426,74.9408,1.25827e+09
12.36,35,4.91457,74.9377,1.25774e+09
12.37,35,4.91488,74.9346,1.25722e+09
12.38,35,4.91519,74.9315,1.2567e+09
12.39,35,4.9155,74.9284,1.25617e+09
12.4,35,4.91581,74.9253,1.25565e+09
12.41,35,4.91612,74.9222,1.25513e+09
12.42,35,4.91644,74.9191,1.25461e+09
12.43,35,4.91675,74.916,1.25409e+09
12.44,35,4.91706,74.9129,1.25357e+09
12.45,35,4.91737,74.9098,1.25305e+09
12.46,35,4.91767,74.9067,1.25253e+09
12.47,35,4.91798,74.9036,1.25202e+09
12.48,35,4.91829,74.9005,1.2515e+09
12.49,35,4.9186,74.8974,1.25098e+09
12.5,35,4.91891,74.8943,1.25047e+09
12.51,35,4.91922,74.8912,1.24996e+09
12.52,35,4.91953,74.8881,1.24944e+09
12.53,35,4.91984,74.885,1.24893e+09
12.54,35,4.92014,74.8819,1.24842e+09
12.55,35,4.92045,74.8788,1.24791e+09
12.56,35,4.92076,74.8757,1.2474e+09
12.57,35,4.92107,74.8726,1.2469e+09
12.58,35,4.92137,74.8695,1.24639e+09
12.59,35,4.92168,74.8663,1.24588e+09
12.6,35,4.92199,74.8632,1.24538e+09
12.61,35,4.92229,74.8601,1.24487e+09
12.62,35,4.9226,74.857,1.24437e+09
12.63,35,4.9229,74.8539,1.24386e+09
12.64,35,4.92321,74.8508,1.24336e+09
12.65,35,4.92351,74.8477,1.24286e+09
12.66,35,4.92382,74.8445,1.24236e+09
12.67,35,4.92412,74.8414,1.24186e+09
12.68,35,4.92443,74.8383,1.24136e+09
12.69,35,4.92473,74.8352,1.24086e+09
12.7,35,4.92504,74.8321,1.24036e+09
12.71,35,4.92534,74.829,1.23986e+09
12.72,35,4.92565,74.8258,1.23937e+09
12.73,35,4.92595,74.8227,1.23887e+09
12.74,35,4.92625,74.8196,1.23838e+09
12.75,35,4.92656,74.8165,1.23788e+09
12.76,35,4.92686,74.8134,1.23739e+09
12.77,35,4.92716,74.8102,1.2369e+09
12.78,35,4.92746,74.8071,1.23641e+09
12.79,35,4.92777,74.804,1.23592e+09
12.8,35,4.92807,74.8009,1.23543e+09
12.81,35,4.92837,74.7977,1.23494e+09
12.82,35,4.92867,74.7946,1.23445e+09
12.83,35,4.92897,74.7915,1.23396e+09
12.84,35,4.92927,74.7884,1.23347e+09
12.85,35,4.92957,74.7852,1.23299e+09
12.86,35,4.92988,74.7821,1.2325e+09
12.87,35,4.93018,74.779,1.23202e+09
12.88,35,4.93048,74.7758,1.23153e+09
12.89,35,4.93078,74.7727,1.23105e+09
12.9,35,4.93108,74.7696,1.23057e+09
12.91,35,4.93138,74.7665,1.23009e+09
12.92,35,4.93167,74.7633,1.22961e+09
12.93,35,4.93197,74.7602,1.22913e+09
12.94,35,4.93227,74.7571,1.22865e+09
12.95,35,4.93257,74.7539,1.22817e+09
12.96,35,4.93287,74.7508,1.22769e+09
12.97,35,4.93317,74.7476,1.22722e+09
12.98,35,4.93347,74.7445,1.22674e+09
12.99,35,4.93376,74.7414,1.22626e+09
13,35,4.93406,74.7382,1.22579e+09
13.01,35,4.93436,74.7351,1.22532e+09
13.02,35,4.93466,74.732,1.22484e+09
13.03,35,4.93495,74.7288,1.22437e+09
13.04,35,4.93525,74.7257,1.2239e+09
13.05,35,4.93555,74.7225,1.22343e+09
13.06,35,4.93584,74.7194,1.22296e+09
13.07,35,4.93614,74.7163,1.22249e+09
13.08,35,4.93643,74.7131,1.22202e+09
13.09,35,4.93673,74.71,1.22155e+09
13.1,35,4.93702,74.7068,1.22108e+09
13.11,35,4.93732,74.7037,1.22062e+09
13.12,35,4.93761,74.7006,1.22015e+09
13.13,35,4.93791,74.6974,1.21969e+09
13.14,35,4.9382,74.6943,1.21922e+09
13.15,35,4.9385,74.6911,1.21876e+09
13.16,35,4.93879,74.688,1.21829e+09
13.17,35,4.93908,74.6848,1.21783e+09
13.18,35,4.93938,74.6817,1.21737e+09
13.19,35,4.93967,74.6785,1.21691e+09
13.2,35,4.93996,74.6754,1.21645e+09
13.21,35,4.94026,74.6722,1.21599e+09
13.22,35,4.94055,74.6691,1.21553e+09
13.23,35,4.94084,74.6659,1.21507e+09
13.24,35,4.94113,74.6628,1.21462e+09
13.25,35,4.94143,74.6596,1.21416e+09
13.26,35,4.94172,74.6565,1.2137e+09
13.27,35,4.94201,74.6533,1.21325e+09
13.28,35,4.9423,74.6502,1.21279e+09
13.29,35,4.94259,74.647,1.21234e+09
13.3,35,4.94288,74.6439,1.21189e+09
13.31,35,4.94317,74.6407,1.21144e+09
13.32,35,4.94346,74.6376,1.21098e+09
13.33,35,4.94375,74.6344,1.21053e+09
13.34,35,4.94404,74.6312,1.21008e+09
13.35,35,4.94433,74.6281,1.20963e+09
13.36,35,4.94462,74.6249,1.20918e+09
13.37,35,4.94491,74.6218,1.20874e+09
13.38,35,4.9452,74.6186,1.20829e+09
13.39,35,4.94549,74.6155,1.20784e+09
13.4,35,4.94578,74.6123,1.2074e+09
13.41,35,4.94607,74.6091,1.20695e+09
13.42,35,4.94635,74.606,1.20651e+09
13.43,35,4.94664,74.6028,1.20606e+09
13.44,35,4.94693,74.5997,1.20562e+09
13.45,35,4.94722,74.5965,1.20518e+09
13.46,35,4.9475,74.5933,1.20473e+09
13.47,35,4.94779,74.5902,1.20429e+09
13.48,35,4.94808,74.587,1.20385e+09
13.49,35,4.94836,74.5838,1.20341e+09
13.5,35,4.94865,74.5807,1.20297e+09
13.51,35,4.94894,74.5775,1.20253e+09
13.52,35,4.94922,74.5743,1.2021e+09
13.53,35,4.94951,74.5712,1.20166e+09
13.54,35,4.94979,74.568,1.20122e+09
13.55,35,4.95008,74.5648,1.20079e+09
13.56,35,4.95036,74.5617,1.20035e+09
13.57,35,4.95065,74.5585,1.19992e+09
13.58,35,4.95093,74.5553,1.19948e+09
13.59,35,4.95122,74.5522,1.19905e+09
13.6,35,4.9515,74.549,1.19862e+09
13.61,35,4.95178,74.5458,1.19818e+09
13.62,35,4.95207,74.5427,1.19775e+09
13.63,35,4.95235,74.5395,1.19732e+09
13.64,35,4.95263,74.5363,1.19689e+09
13.65,35,4.95292,74.5331,1.19646e+09
13.66,35,4.9532,74.53,1.19603e+09
13.67,35,4.95348,74.5268,1.19561e+09
13.68,35,4.95376,74.5236,1.19518e+09
13.69,35,4.95405,74.5204,1.19475e+09
13.7,35,4.95433,74.5173,1.19433e+09
13.71,35,4.95461,74.5141,1.1939e+09
13.72,35,4.95489,74.5109,1.19347e+09
13.73,35,4.95517,74.5077,1.19305e+09
13.74,35,4.95545,74.5046,1.19263e+09
13.75,35,4.95573,74.5014,1.1922e+09
13.76,35,4.95601,74.4982,1.19178e+09
13.77,35,4.95629,74.495,1.19136e+09
13.78,35,4.95657,74.4919,1.19094e+09
13.79,35,4.95685,74.4887,1.19052e+09
13.8,35,4.95713,74.4855,1.1901e+09
13.81,35,4.95741,74.4823,1.18968e+09
13.82,35,4.95769,74.4791,1.18926e+09
13.83,35,4.95797,74.476,1.18884e+09
13.84,35,4.95825,74.4728,1.18843e+09
13.85,35,4.95853,74.4696,1.18801e+09
13.86,35,4.9588,74.4664,1.18759e+09
13.87,35,4.95908,74.4632,1.18718e+09
13.88,35,4.95936,74.46,1.18676e+09
13.89,35,4.95964,74.4569,1.18635e+09
13.9,35,4.95991,74.4537,1.18594e+09
13.91,35,4.96019,74.4505,1.18552e+09
13.92,35,4.96047,74.4473,1.18511e+09
13.93,35,4.96074,74.4441,1.1847e+09
13.94,35,4.96102,74.4409,1.18429e+09
13.95,35,4.9613,74.4377,1.18388e+09
13.96,35,4.96157,74.4346,1.18347e+09
13.97,35,4.96185,74.4314,1.18306e+09
13.98,35,4.96212,74.4282,1.18265e+09
13.99,35,4.9624,74.425,1.18224e+09
14,35,4.96267,74.4218,1.18183e+09
14.01,35,4.96295,74.4186,1.18143e+09
14.02,35,4.96322,74.4154,1.18102e+09
14.03,35,4.9635,74.4122,1.18061e+09
14.04,35,4.96377,74.409,1.18021e+09
14.05,35,4.96404,74.4058,1.17981e+09
14.06,35,4.96432,74.4026,1.1794e+09
14.07,35,4.96459,74.3995,1.179e+09
14.08,35,4.96486,74.3963,1.1786e+09
14.09,35,4.96514,74.3931,1.17819e+09
14.1,35,4.96541,74.3899,1.17779e+09
14.11,35,4.96568,74.3867,1.17739e+09
14.12,35,4.96595,74.3835,1.17699e+09
14.13,35,4.96623,74.3803,1.17659e+09
14.14,35,4.9665,74.3771,1.17619e+09
14.15,35,4.96677,74.3739,1.17579e+09
14.16,35,4.96704,74.3707,1.1754e+09
14.17,35,4.96731,74.3675,1.175e+09
14.18,35,4.96758,74.3643,1.1746e+09
14.19,35,4.96785,74.3611,1.17421e+09
14.2,35,4.96812,74.3579,1.17381e+09
14.21,35,4.96839,74.3547,1.17341e+09
14.22,35,4.96866,74.3515,1.17302e+09
14.23,35,4.96893,74.3483,1.17263e+09
14.24,35,4.9692,74.3451,1.17223e+09
14.25,35,4.96947,74.3419,1.17184e+09
14.26,35,4.96974,74.3387,1.17145e+09
14.27,35,4.97001,74.3355,1.17106e+09
14.28,35,4.97028,74.3323,1.17067e+09
14.29,35,4.97055,74.3291,1.17028e+09
14.3,35,4.97081,74.3259,1.16989e+09
14.31,35,4.97108,74.3227,1.1695e+09
14.32,35,4.97135,74.3195,1.16911e+09
14.33,35,4.97162,74.3163,1.16872e+09
14.34,35,4.97188,74.3131,1.16833e+09
14.35,35,4.97215,74.3099,1.16794e+09
14.36,35,4.97242,74.3067,1.16756e+09
14.37,35,4.97268,74.3035,1.16717e+09
14.38,35,4.97295,74.3003,1.16679e+09
14.39,35,4.97322,74.2971,1.1664e+09
14.4,35,4.97348,74.2939,1.16602e+09
14.41,35,4.97375,74.2906,1.16563e+09
14.42,35,4.97401,74.2874,1.16525e+09
14.43,35,4.97428,74.2842,1.16487e+09
14.44,35,4.97454,74.281,1.16449e+09
14.45,35,4.97481,74.2778,1.16411e+09
14.46,35,4.97507,74.2746,1.16372e+09
14.47,35,4.97533,74.2714,1.16334e+09
14.48,35,4.9756,74.2682,1.16296e+09
14.49,35,4.97586,74.265,1.16259e+09
14.5,35,4.97613,74.2618,1.16221e+09
14.51,35,4.97639,74.2586,1.16183e+09
14.52,35,4.97665,74.2553,1.16145e+09
14.53,35,4.97691,74.2521,1.16107e+09
14.54,35,4.97718,74.2489,1.1607e+09
14.55,35,4.97744,74.2457,1.16032e+09
14.56,35,4.9777,74.2425,1.15995e+09
14.57,35,4.97796,74.2393,1.15957e+09
14.58,35,4.97822,74.2361,1.1592e+09
14.59,35,4.97849,74.2328,1.15882e+09
14.6,35,4.97875,74.2296,1.15845e+09
14.61,35,4.97901,74.2264,1.15808e+09
14.62,35,4.97927,74.2232,1.1577e+09
14.63,35,4.97953,74.22,1.15733e+09
14.64,35,4.97979,74.2168,1.15696e+09
14.65,35,4.98005,74.2136,1.15659e+09
14.66,35,4.98031,74.2103,1.15622e+09
14.67,35,4.98057,74.2071,1.15585e+09
14.68,35,4.98083,74.2039,1.15548e+09
14.69,35,4.98109,74.2007,1.15511e+09
14.7,35,4.98135,74.1975,1.15475e+09
14.71,35,4.9816,74.1942,1.15438e+09
14.72,35,4.98186,74.191,1.15401e+09
14.73,35,4.98212,74.1878,1.15365e+09
14.74,35,4.98238,74.1846,1.15328e+09
14.75,35,4.98264,74.1814,1.15291e+09
14.76,35,4.98289,74.1781,1.15255e+09
14.77,35,4.98315,74.1749,1.15219e+09
14.78,35,4.98341,74.1717,1.15182e+09
14.79,35,4.98366,74.1685,1.15146e+09
14.8,35,4.98392,74.1653,1.1511e+09
14.81,35,4.98418,74.162,1.15073e+09
14.82,35,4.98443,74.1588,1.15037e+09
14.83,35,4.98469,74.1556,1.15001e+09
14.84,35,4.98494,74.1524,1.14965e+09
14.85,35,4.9852,74.1491,1.14929e+09
14.86,35,4.98545,74.1459,1.14893e+09
14.87,35,4.98571,74.1427,1.14857e+09
14.88,35,4.98596,74.1395,1.14821e+09
14.89,35,4.98622,74.1362,1.14785e+09
14.9,35,4.98647,74.133,1.1475e+09
14.91,35,4.98673,74.1298,1.14714e+09
14.92,35,4.98698,74.1266,1.14678e+09
14.93,35,4.98723,74.1233,1.14643e+09
14.94,35,4.98749,74.1201,1.14607e+09
14.95,35,4.98774,74.1169,1.14572e+09
14.96,35,4.98799,74.1137,1.14536e+09
14.97,35,4.98825,74.1104,1.14501e+09
14.98,35,4.9885,74.1072,1.14465e+09
14.99,35,4.98875,74.104,1.1443e+09
15,35,4.989,74.1008,1.14395e+09
15.01,35,4.98925,74.0975,1.1436e+09
15.02,35,4.9895,74.0943,1.14324e+09
15.03,35,4.98976,74.0911,1.14289e+09
15.04,35,4.99001,74.0878,1.14254e+09
15.05,35,4.99026,74.0846,1.14219e+09
15.06,35,4.99051,74.0814,1.14184e+09
15.07,35,4.99076,74.0781,1.14149e+09
15.08,35,4.99101,74.0749,1.14114e+09
15.09,35,4.99126,74.0717,1.1408e+09
15.1,35,4.99151,74.0684,1.14045e+09
15.11,35,4.99176,74.0652,1.1401e+09
15.12,35,4.99201,74.062,1.13975e+09
15.13,35,4.99225,74.0587,1.13941e+09
15.14,35,4.9925,74.0555,1.13906e+09
15.15,35,4.99275,74.0523,1.13872e+09
15.16,35,4.993,74.049,1.13837e+09
15.17,35,4.99325,74.0458,1.13803e+09
15.18,35,4.99349,74.0426,1.13768e+09
15.19,35,4.99374,74.0393,1.13734e+09
15.2,35,4.99399,74.0361,1.137e+09
15.21,35,4.99424,74.0329,1.13666e+09
15.22,35,4.99448,74.0296,1.13631e+09
15.23,35,4.99473,74.0264,1.13597e+09
15.24,35,4.99498,74.0232,1.13563e+09
15.25,35,4.99522,74.0199,1.13529e+09
15.26,35,4.99547,74.0167,1.13495e+09
15.27,35,4.99571,74.0135,1.13461e+09
15.28,35,4.99596,74.0102,1.13427e+09
15.29,35,4.9962,74.007,1.13393e+09
15.3,35,4.99645,74.0037,1.1336e+09
15.31,35,4.99669,74.0005,1.13326e+09
15.32,35,4.99694,73.9973,1.13292e+09
15.33,35,4.99718,73.994,1.13258e+09
15.34,35,4.99743,73.9908,1.13225e+09
15.35,35,4.99767,73.9875,1.13191e+09
15.36,35,4.99791,73.9843,1.13158e+09
15.37,35,4.99816,73.9811,1.13124e+09
15.38,35,4.9984,73.9778,1.13091e+09
15.39,35,4.99864,73.9746,1.13057e+09
15.4,35,4.99888,73.9713,1.13024e+09
15.41,35,4.99913,73.9681,1.12991e+09
15.42,35,4.99937,73.9649,1.12957e+09
15.43,35,4.99961,73.9616,1.12924e+09
15.44,35,4.99985,73.9584,1.12891e+09
15.45,35,5.00009,73.9551,1.12858e+09
15.46,35,5.00033,73.9519,1.12825e+09
15.47,35,5.00058,73.9487,1.12792e+09
15.48,35,5.00082,73.9454,1.12759e+09
15.49,35,5.00106,73.9422,1.12726e+09
15.5,35,5.0013,73.9389,1.12693e+09
15.51,35,5.00154,73.9357,1.1266e+09
15.52,35,5.00178,73.9324,1.12627e+09
15.53,35,5.00202,73.9292,1.12595e+09
15.54,35,5.00226,73.9259,1.12562e+09
15.55,35,5.00249,73.9227,1.12529e+09
15.56,35,5.00273,73.9195,1.12497e+09
15.57,35,5.00297,73.9162,1.12464e+09
15.58,35,5.00321,73.913,1.12431e+09
15.59,35,5.00345,73.9097,1.12399e+09
15.6,35,5.00369,73.9065,1.12367e+09
15.61,35,5.00392,73.9032,1.12334e+09
15.62,35,5.00416,73.9,1.12302e+09
15.63,35,5.0044,73.8967,1.12269e+09
15.64,35,5.00463,73.8935,1.12237e+09
15.65,35,5.00487,73.8902,1.12205e+09
15.66,35,5.00511,73.887,1.12173e+09
15.67,35,5.00534,73.8837,1.12141e+09
15.68,35,5.00558,73.8805,1.12109e+09
15.69,35,5.00582,73.8772,1.12076e+09
15.7,35,5.00605,73.874,1.12044e+09
15.71,35,5.00629,73.8708,1.12013e+09
15.72,35,5.00652,73.8675,1.11981e+09
15.73,35,5.00676,73.8643,1.11949e+09
15.74,35,5.00699,73.861,1.11917e+09
15.75,35,5.00723,73.8578,1.11885e+09
15.76,35,5.00746,73.8545,1.11853e+09
15.77,35,5.00769,73.8513,1.11822e+09
15.78,35,5.00793,73.848,1.1179e+09
15.79,35,5.00816,73.8448,1.11758e+09
15.8,35,5.00839,73.8415,1.11727e+09
15.81,35,5.00863,73.8383,1.11695e+09
15.82,35,5.00886,73.835,1.11664e+09
15.83,35,5.00909,73.8318,1.11632e+09
15.84,35,5.00932,73.8285,1.11601e+09
15.85,35,5.00956,73.8252,1.1157e+09
15.86,35,5.00979,73.822,1.11538e+09
15.87,35,5.01002,73.8187,1.11507e+09
15.88,35,5.01025,73.8155,1.11476e+09
15.89,35,5.01048,73.8122,1.11444e+09
15.9,35,5.01071,73.809,1.11413e+09
15.91,35,5.01094,73.8057,1.11382e+09
15.92,35,5.01117,73.8025,1.11351e+09
15.93,35,5.0114,73.7992,1.1132e+09
15.94,35,5.01163,73.796,1.11289e+09
15.95,35,5.01186,73.7927,1.11258e+09
15.96,35,5.01209,73.7895,1.11227e+09
15.97,35,5.01232,73.7862,1.11196e+09
15.98,35,5.01255,73.783,1.11166e+09
15.99,35,5.01278,73.7797,1.11135e+09
16,35,5.01301,73.7764,1.11104e+09
16.01,35,5.01324,73.7732,1.11073e+09
16.02,35,5.01346,73.7699,1.11043e+09
16.03,35,5.01369,73.7667,1.11012e+09
16.04,35,5.01392,73.7634,1.10982e+09
16.05,35,5.01415,73.7602,1.10951e+09
16.06,35,5.01437,73.7569,1.1092e+09
16.07,35,5.0146,73.7537,1.1089e+09
16.08,35,5.01483,73.7504,1.1086e+09
16.09,35,5.01505,73.7471,1.10829e+09
16.1,35,5.01528,73.7439,1.10799e+09
16.11,35,5.0155,73.7406,1.10769e+09
16.12,35,5.01573,73.7374,1.10738e+09
16.13,35,5.01596,73.7341,1.10708e+09
16.14,35,5.01618,73.7309,1.10678e+09
16.15,35,5.01641,73.7276,1.10648e+09
16.16,35,5.01663,73.7243,1.10618e+09
16.17,35,5.01685,73.7211,1.10588e+09
16.18,35,5.01708,73.7178,1.10558e+09
16.19,35,5.0173,73.7146,1.10528e+09
16.2,35,5.01753,73.7113,1.10498e+09
16.21,35,5.01775,73.7081,1.10468e+09
16.22,35,5.01797,73.7048,1.10438e+09
16.23,35,5.0182,73.7015,1.10408e+09
16.24,35,5.01842,73.6983,1.10378e+09
16.25,35,5.01864,73.695,1.10349e+09
16.26,35,5.01886,73.6918,1.10319e+09
16.27,35,5.01909,73.6885,1.10289e+09
16.28,35,5.01931,73.6852,1.1026e+09
16.29,35,5.01953,73.682,1.1023e+09
16.3,35,5.01975,73.6787,1.10201e+09
16.31,35,5.01997,73.6755,1.10171e+09
16.32,35,5.02019,73.6722,1.10142e+09
16.33,35,5.02041,73.6689,1.10112e+09
16.34,35,5.02063,73.6657,1.10083e+09
16.35,35,5.02085,73.6624,1.10054e+09
16.36,35,5.02107,73.6592,1.10024e+09
16.37,35,5.02129,73.6559,1.09995e+09
16.38,35,5.02151,73.6526,1.09966e+09
16.39,35,5.02173,73.6494,1.09937e+09
16.4,35,5.02195,73.6461,1.09907e+09
16.41,35,5.02217,73.6429,1.09878e+09
16.42,35,5.02239,73.6396,1.09849e+09
16.43,35,5.02261,73.6363,1.0982e+09
16.44,35,5.02282,73.6331,1.09791e+09
16.45,35,5.02304,73.6298,1.09762e+09
16.46,35,5.02326,73.6265,1.09733e+09
16.47,35,5.02348,73.6233,1.09704e+09
16.48,35,5.02369,73.62,1.09676e+09
16.49,35,5.02391,73.6168,1.09647e+09
16.5,35,5.02413,73.6135,1.09618e+09
16.51,35,5.02434,73.6102,1.09589e+09
16.52,35,5.02456,73.607,1.09561e+09
16.53,35,5.02478,73.6037,1.09532e+09
16.54,35,5.02499,73.6004,1.09503e+09
16.55,35,5.02521,73.5972,1.09475e+09
16.56,35,5.02542,73.5939,1.09446e+09
16.57,35,5.02564,73.5907,1.09418e+09
16.58,35,5.02585,73.5874,1.09389e+09
16.59,35,5.02607,73.5841,1.09361e+09
16.6,35,5.02628,73.5809,1.09332e+09
16.61,35,5.0265,73.5776,1.09304e+09
16.62,35,5.02671,73.5743,1.09276e+09
16.63,35,5.02692,73.5711,1.09247e+09
16.64,35,5.02714,73.5678,1.09219e+09
16.65,35,5.02735,73.5645,1.09191e+09
16.66,35,5.02756,73.5613,1.09163e+09
16.67,35,5.02777,73.558,1.09134e+09
16.68,35,5.02799,73.5547,1.09106e+09
16.69,35,5.0282,73.5515,1.09078e+09
16.7,35,5.02841,73.5482,1.0905e+09
16.71,35,5.02862,73.545,1.09022e+09
16.72,35,5.02883,73.5417,1.08994e+09
16.73,35,5.02904,73.5384,1.08966e+09
16.74,35,5.02926,73.5352,1.08938e+09
16.75,35,5.02947,73.5319,1.08911e+09
16.76,35,5.02968,73.5286,1.08883e+09
16.77,35,5.02989,73.5254,1.08855e+09
16.78,35,5.0301,73.5221,1.08827e+09
16.79,35,5.03031,73.5188,1.088e+09
16.8,35,5.03052,73.5156,1.08772e+09
16.81,35,5.03073,73.5123,1.08744e+09
16.82,35,5.03093,73.509,1.08717e+09
16.83,35,5.03114,73.5058,1.08689e+09
16.84,35,5.03135,73.5025,1.08662e+09
16.85,35,5.03156,73.4992,1.08634e+09
16.86,35,5.03177,73.496,1.08607e+09
16.87,35,5.03198,73.4927,1.08579e+09
16.88,35,5.03218,73.4894,1.08552e+09
16.89,35,5.03239,73.4862,1.08524e+09
16.9,35,5.0326,73.4829,1.08497e+09
16.91,35,5.0328,73.4796,1.0847e+09
16.92,35,5.03301,73.4764,1.08442e+09
16.93,35,5.03322,73.4731,1.08415e+09
16.94,35,5.03342,73.4698,1.08388e+09
16.95,35,5.03363,73.4666,1.08361e+09
16.96,35,5.03384,73.4633,1.08334e+09
16.97,35,5.03404,73.46,1.08307e+09
16.98,35,5.03425,73.4568,1.0828e+09
16.99,35,5.03445,73.4535,1.08253e+09
17,35,5.03466,73.4502,1.08226e+09
17.01,35,5.03486,73.447,1.08199e+09
17.02,35,5.03506,73.4437,1.08172e+09
17.03,35,5.03527,73.4404,1.08145e+09
17.04,35,5.03547,73.4372,1.08118e+09
17.05,35,5.03568,73.4339,1.08091e+09
17.06,35,5.03588,73.4306,1.08065e+09
17.07,35,5.03608,73.4274,1.08038e+09
17.08,35,5.03628,73.4241,1.08011e+09
17.09,35,5.03649,73.4208,1.07984e+09
17.1,35,5.03669,73.4176,1.07958e+09
17.11,35,5.03689,73.4143,1.07931e+09
17.12,35,5.03709,73.411,1.07905e+09
17.13,35,5.03729,73.4078,1.07878e+09
17.14,35,5.0375,73.4045,1.07852e+09
17.15,35,5.0377,73.4012,1.07825e+09
17.16,35,5.0379,73.3979,1.07799e+09
17.17,35,5.0381,73.3947,1.07772e+09
17.18,35,5.0383,73.3914,1.07746e+09
17.19,35,5.0385,73.3881,1.0772e+09
17.2,35,5.0387,73.3849,1.07693e+09
17.21,35,5.0389,73.3816,1.07667e+09
17.22,35,5.0391,73.3783,1.07641e+09
17.23,35,5.0393,73.3751,1.07615e+09
17.24,35,5.0395,73.3718,1.07588e+09
17.25,35,5.0397,73.3685,1.07562e+09
17.26,35,5.03989,73.3653,1.07536e+09
17.27,35,5.04009,73.362,1.0751e+09
17.28,35,5.04029,73.3587,1.07484e+09
17.29,35,5.04049,73.3555,1.07458e+09
17.3,35,5.04069,73.3522,1.07432e+09
17.31,35,5.04088,73.3489,1.07406e+09
17.32,35,5.04108,73.3457,1.0738e+09
17.33,35,5.04128,73.3424,1.07354e+09
17.34,35,5.04147,73.3391,1.07328e+09
17.35,35,5.04167,73.3359,1.07303e+09
17.36,35,5.04187,73.3326,1.07277e+09
17.37,35,5.04206,73.3293,1.07251e+09
17.38,35,5.04226,73.326,1.07225e+09
17.39,35,5.04245,73.3228,1.072e+09
17.4,35,5.04265,73.3195,1.07174e+09
17.41,35,5.04284,73.3162,1.07148e+09
17.42,35,5.04304,73.313,1.07123e+09
17.43,35,5.04323,73.3097,1.07097e+09
17.44,35,5.04343,73.3064,1.07072e+09
17.45,35,5.04362,73.3032,1.07046e+09
17.46,35,5.04381,73.2999,1.07021e+09
17.47,35,5.04401,73.2966,1.06995e+09
17.48,35,5.0442,73.2934,1.0697e+09
17.49,35,5.04439,73.2901,1.06945e+09
17.5,35,5.04459,73.2868,1.06919e+09
17.51,35,5.04478,73.2836,1.06894e+09
17.52,35,5.04497,73.2803,1.06869e+09
17.53,35,5.04516,73.277,1.06844e+09
17.54,35,5.04535,73.2738,1.06818e+09
17.55,35,5.04555,73.2705,1.06793e+09
17.56,35,5.04574,73.2672,1.06768e+09
17.57,35,5.04593,73.2639,1.06743e+09
17.58,35,5.04612,73.2607,1.06718e+09
17.59,35,5.04631,73.2574,1.06693e+09
17.6,35,5.0465,73.2541,1.06668e+09
17.61,35,5.04669,73.2509,1.06643e+09
17.62,35,5.04688,73.2476,1.06618e+09
17.63,35,5.04707,73.2443,1.06593e+09
17.64,35,5.04726,73.2411,1.06568e+09
17.65,35,5.04745,73.2378,1.06543e+09
17.66,35,5.04764,73.2345,1.06518e+09
17.67,35,5.04783,73.2313,1.06493e+09
17.68,35,5.04801,73.228,1.06469e+09
17.69,35,5.0482,73.2247,1.06444e+09
17.7,35,5.04839,73.2215,1.06419e+09
17.71,35,5.04858,73.2182,1.06395e+09
17.72,35,5.04876,73.2149,1.0637e+09
17.73,35,5.04895,73.2117,1.06345e+09
17.74,35,5.04914,73.2084,1.06321e+09
17.75,35,5.04933,73.2051,1.06296e+09
17.76,35,5.04951,73.2019,1.06272e+09
17.77,35,5.0497,73.1986,1.06247e+09
17.78,35,5.04988,73.1953,1.06223e+09
17.79,35,5.05007,73.1921,1.06198e+09
17.8,35,5.05026,73.1888,1.06174e+09
17.81,35,5.05044,73.1855,1.06149e+09
17.82,35,5.05063,73.1823,1.06125e+09
17.83,35,5.05081,73.179,1.06101e+09
17.84,35,5.051,73.1757,1.06076e+09
17.85,35,5.05118,73.1724,1.06052e+09
17.86,35,5.05136,73.1692,1.06028e+09
17.87,35,5.05155,73.1659,1.06004e+09
17.88,35,5.05173,73.1626,1.0598e+09
17.89,35,5.05191,73.1594,1.05955e+09
17.9,35,5.0521,73.1561,1.05931e+09
17.91,35,5.05228,73.1528,1.05907e+09
17.92,35,5.05246,73.1496,1.05883e+09
17.93,35,5.05265,73.1463,1.05859e+09
17.94,35,5.05283,73.143,1.05835e+09
17.95,35,5.05301,73.1398,1.05811e+09
17.96,35,5.05319,73.1365,1.05787e+09
17.97,35,5.05337,73.1332,1.05763e+09
17.98,35,5.05355,73.13,1.05739e+09
17.99,35,5.05373,73.1267,1.05716e+09
18,35,5.05392,73.1234,1.05692e+09
18.01,35,5.0541,73.1202,1.05668e+09
18.02,35,5.05428,73.1169,1.05644e+09
18.03,35,5.05446,73.1136,1.0562e+09
18.04,35,5.05464,73.1104,1.05597e+09
18.05,35,5.05481,73.1071,1.05573e+09
18.06,35,5.05499,73.1039,1.05549e+09
18.07,35,5.05517,73.1006,1.05526e+09
18.08,35,5.05535,73.0973,1.05502e+09
18.09,35,5.05553,73.0941,1.05479e+09
18.1,35,5.05571,73.0908,1.05455e+09
18.11,35,5.05589,73.0875,1.05432e+09
18.12,35,5.05606,73.0843,1.05408e+09
18.13,35,5.05624,73.081,1.05385e+09
18.14,35,5.05642,73.0777,1.05361e+09
18.15,35,5.0566,73.0745,1.05338e+09
18.16,35,5.05677,73.0712,1.05314e+09
18.17,35,5.05695,73.0679,1.05291e+09
18.18,35,5.05713,73.0647,1.05268e+09
18.19,35,5.0573,73.0614,1.05244e+09
18.2,35,5.05748,73.0581,1.05221e+09
18.21,35,5.05765,73.0549,1.05198e+09
18.22,35,5.05783,73.0516,1.05175e+09
18.23,35,5.058,73.0483,1.05152e+09
18.24,35,5.05818,73.0451,1.05128e+09
18.25,35,5.05835,73.0418,1.05105e+09
18.26,35,5.05853,73.0386,1.05082e+09
18.27,35,5.0587,73.0353,1.05059e+09
18.28,35,5.05888,73.032,1.05036e+09
18.29,35,5.05905,73.0288,1.05013e+09
18.3,35,5.05922,73.0255,1.0499e+09
18.31,35,5.0594,73.0222,1.04967e+09
18.32,35,5.05957,73.019,1.04944e+09
18.33,35,5.05974,73.0157,1.04921e+09
18.34,35,5.05991,73.0125,1.04899e+09
18.35,35,5.06009,73.0092,1.04876e+09
18.36,35,5.06026,73.0059,1.04853e+09
18.37,35,5.06043,73.0027,1.0483e+09
18.38,35,5.0606,72.9994,1.04807e+09
18.39,35,5.06077,72.9961,1.04785e+09
18.4,35,5.06094,72.9929,1.04762e+09
18.41,35,5.06111,72.9896,1.04739e+09
18.42,35,5.06129,72.9864,1.04717e+09
18.43,35,5.06146,72.9831,1.04694e+09
18.44,35,5.06163,72.9798,1.04671e+09
18.45,35,5.0618,72.9766,1.04649e+09
18.46,35,5.06196,72.9733,1.04626e+09
18.47,35,5.06213,72.97,1.04604e+09
18.48,35,5.0623,72.9668,1.04581e+09
18.49,35,5.06247,72.9635,1.04559e+09
18.5,35,5.06264,72.9603,1.04536e+09
18.51,35,5.06281,72.957,1.04514e+09
18.52,35,5.06298,72.9537,1.04492e+09
18.53,35,5.06314,72.9505,1.04469e+09
18.54,35,5.06331,72.9472,1.04447e+09
18.55,35,5.06348,72.944,1.04425e+09
18.56,35,5.06365,72.9407,1.04402e+09
18.57,35,5.06381,72.9374,1.0438e+09
18.58,35,5.06398,72.9342,1.04358e+09
18.59,35,5.06415,72.9309,1.04336e+09
18.6,35,5.06431,72.9277,1.04313e+09
18.61,35,5.06448,72.9244,1.04291e+09
18.62,35,5.06464,72.9211,1.04269e+09
18.63,35,5.06481,72.9179,1.04247e+09
18.64,35,5.06497,72.9146,1.04225e+09
18.65,35,5.06514,72.9114,1.04203e+09
18.66,35,5.0653,72.9081,1.04181e+09
18.67,35,5.06547,72.9049,1.04159e+09
18.68,35,5.06563,72.9016,1.04137e+09
18.69,35,5.0658,72.8983,1.04115e+09
18.7,35,5.06596,72.8951,1.04093e+09
18.71,35,5.06612,72.8918,1.04071e+09
18.72,35,5.06629,72.8886,1.04049e+09
18.73,35,5.06645,72.8853,1.04028e+09
18.74,35,5.06661,72.8821,1.04006e+09
18.75,35,5.06678,72.8788,1.03984e+09
18.76,35,5.06694,72.8755,1.03962e+09
18.77,35,5.0671,72.8723,1.0394e+09
18.78,35,5.06726,72.869,1.03919e+09
18.79,35,5.06742,72.8658,1.03897e+09
18.8,35,5.06758,72.8625,1.03875e+09
18.81,35,5.06775,72.8593,1.03854e+09
18.82,35,5.06791,72.856,1.03832e+09
18.83,35,5.06807,72.8528,1.03811e+09
18.84,35,5.06823,72.8495,1.03789e+09
18.85,35,5.06839,72.8462,1.03767e+09
18.86,35,5.06855,72.843,1.03746e+09
18.87,35,5.06871,72.8397,1.03724e+09
18.88,35,5.06887,72.8365,1.03703e+09
18.89,35,5.06902,72.8332,1.03682e+09
18.9,35,5.06918,72.83,1.0366e+09
18.91,35,5.06934,72.8267,1.03639e+09
18.92,35,5.0695,72.8235,1.03617e+09
18.93,35,5.06966,72.8202,1.03596e+09
18.94,35,5.06982,72.817,1.03575e+09
18.95,35,5.06997,72.8137,1.03553e+09
18.96,35,5.07013,72.8105,1.03532e+09
18.97,35,5.07029,72.8072,1.03511e+09
18.98,35,5.07045,72.804,1.0349e+09
18.99,35,5.0706,72.8007,1.03469e+09
19,35,5.07076,72.7974,1.03447e+09
19.01,35,5.07091,72.7942,1.03426e+09
19.02,35,5.07107,72.7909,1.03405e+09
19.03,35,5.07123,72.7877,1.03384e+09
19.04,35,5.07138,72.7844,1.03363e+09
19.05,35,5.07154,72.7812,1.03342e+09
19.06,35,5.07169,72.7779,1.03321e+09
19.07,35,5.07185,72.7747,1.033e+09
19.08,35,5.072,72.7714,1.03279e+09
19.09,35,5.07215,72.7682,1.03258e+09
19.1,35,5.07231,72.7649,1.03237e+09
19.11,35,5.07246,72.7617,1.03216e+09
19.12,35,5.07262,72.7584,1.03195e+09
19.13,35,5.07277,72.7552,1.03175e+09
19.14,35,5.07292,72.7519,1.03154e+09
19.15,35,5.07307,72.7487,1.03133e+09
19.16,35,5.07323,72.7455,1.03112e+09
19.17,35,5.07338,72.7422,1.03091e+09
19.18,35,5.07353,72.739,1.03071e+09
19.19,35,5.07368,72.7357,1.0305e+09
19.2,35,5.07383,72.7325,1.03029e+09
19.21,35,5.07399,72.7292,1.03009e+09
19.22,35,5.07414,72.726,1.02988e+09
19.23,35,5.07429,72.7227,1.02967e+09
19.24,35,5.07444,72.7195,1.02947e+09
19.25,35,5.07459,72.7162,1.02926e+09
19.26,35,5.07474,72.713,1.02906e+09
19.27,35,5.07489,72.7097,1.02885e+09
19.28,35,5.07504,72.7065,1.02865e+09
19.29,35,5.07519,72.7032,1.02844e+09
19.3,35,5.07534,72.7,1.02824e+09
19.31,35,5.07548,72.6968,1.02803e+09
19.32,35,5.07563,72.6935,1.02783e+09
19.33,35,5.07578,72.6903,1.02763e+09
19.34,35,5.07593,72.687,1.02742e+09
19.35,35,5.07608,72.6838,1.02722e+09
19.36,35,5.07623,72.6805,1.02702e+09
19.37,35,5.07637,72.6773,1.02681e+09
19.38,35,5.07652,72.6741,1.02661e+09
19.39,35,5.07667,72.6708,1.02641e+09
19.4,35,5.07681,72.6676,1.02621e+09
19.41,35,5.07696,72.6643,1.026e+09
19.42,35,5.07711,72.6611,1.0258e+09
19.43,35,5.07725,72.6578,1.0256e+09
19.44,35,5.0774,72.6546,1.0254e+09
19.45,35,5.07754,72.6514,1.0252e+09
19.46,35,5.07769,72.6481,1.025e+09
19.47,35,5.07783,72.6449,1.0248e+09
19.48,35,5.07798,72.6416,1.0246e+09
19.49,35,5.07812,72.6384,1.0244e+09
19.5,35,5.07827,72.6352,1.0242e+09
19.51,35,5.07841,72.6319,1.024e+09
19.52,35,5.07855,72.6287,1.0238e+09
19.53,35,5.0787,72.6254,1.0236e+09
19.54,35,5.07884,72.6222,1.0234e+09
19.55,35,5.07898,72.619,1.0232e+09
19.56,35,5.07913,72.6157,1.023e+09
19.57,35,5.07927,72.6125,1.0228e+09
19.58,35,5.07941,72.6093,1.02261e+09
19.59,35,5.07955,72.606,1.02241e+09
19.6,35,5.07969,72.6028,1.02221e+09
19.61,35,5.07983,72.5996,1.02201e+09
19.62,35,5.07998,72.5963,1.02182e+09
19.63,35,5.08012,72.5931,1.02162e+09
19.64,35,5.08026,72.5898,1.02142e+09
19.65,35,5.0804,72.5866,1.02123e+09
19.66,35,5.08054,72.5834,1.02103e+09
19.67,35,5.08068,72.5801,1.02083e+09
19.68,35,5.08082,72.5769,1.02064e+09
19.69,35,5.08096,72.5737,1.02044e+09
19.7,35,5.0811,72.5704,1.02025e+09
19.71,35,5.08124,72.5672,1.02005e+09
19.72,35,5.08137,72.564,1.01986e+09
19.73,35,5.08151,72.5607,1.01966e+09
19.74,35,5.08165,72.5575,1.01947e+09
19.75,35,5.08179,72.5543,1.01927e+09
19.76,35,5.08193,72.551,1.01908e+09
19.77,35,5.08206,72.5478,1.01888e+09
19.78,35,5.0822,72.5446,1.01869e+09
19.79,35,5.08234,72.5414,1.0185e+09
19.8,35,5.08248,72.5381,1.0183e+09
19.81,35,5.08261,72.5349,1.01811e+09
19.82,35,5.08275,72.5317,1.01792e+09
19.83,35,5.08288,72.5284,1.01772e+09
19.84,35,5.08302,72.5252,1.01753e+09
19.85,35,5.08316,72.522,1.01734e+09
19.86,35,5.08329,72.5187,1.01715e+09
19.87,35,5.08343,72.5155,1.01696e+09
19.88,35,5.08356,72.5123,1.01677e+09
19.89,35,5.0837,72.5091,1.01657e+09
19.9,35,5.08383,72.5058,1.01638e+09
19.91,35,5.08396,72.5026,1.01619e+09
19.92,35,5.0841,72.4994,1.016e+09
19.93,35,5.08423,72.4962,1.01581e+09
19.94,35,5.08436,72.4929,1.01562e+09
19.95,35,5.0845,72.4897,1.01543e+09
19.96,35,5.08463,72.4865,1.01524e+09
19.97,35,5.08476,72.4833,1.01505e+09
19.98,35,5.0849,72.48,1.01486e+09
19.99,35,5.08503,72.4768,1.01467e+09
20,35,5.08516,72.4736,1.01448e+09
20.01,35,5.08529,72.4704,1.01429e+09
20.02,35,5.08542,72.4671,1.01411e+09
20.03,35,5.08555,72.4639,1.01392e+09
20.04,35,5.08568,72.4607,1.01373e+09
20.05,35,5.08582,72.4575,1.01354e+09
20.06,35,5.08595,72.4543,1.01335e+09
20.07,35,5.08608,72.451,1.01317e+09
20.08,35,5.08621,72.4478,1.01298e+09
20.09,35,5.08634,72.4446,1.01279e+09
20.1,35,5.08646,72.4414,1.0126e+09
20.11,35,5.08659,72.4382,1.01242e+09
20.12,35,5.08672,72.4349,1.01223e+09
20.13,35,5.08685,72.4317,1.01204e+09
20.14,35,5.08698,72.4285,1.01186e+09
20.15,35,5.08711,72.4253,1.01167e+09
20.16,35,5.08724,72.4221,1.01149e+09
20.17,35,5.08736,72.4188,1.0113e+09
20.18,35,5.08749,72.4156,1.01112e+09
20.19,35,5.08762,72.4124,1.01093e+09
20.2,35,5.08775,72.4092,1.01075e+09
20.21,35,5.08787,72.406,1.01056e+09
20.22,35,5.088,72.4028,1.01038e+09
20.23,35,5.08812,72.3995,1.01019e+09
20.24,35,5.08825,72.3963,1.01001e+09
20.25,35,5.08838,72.3931,1.00982e+09
20.26,35,5.0885,72.3899,1.00964e+09
20.27,35,5.08863,72.3867,1.00946e+09
20.28,35,5.08875,72.3835,1.00927e+09
20.29,35,5.08888,72.3803,1.00909e+09
20.3,35,5.089,72.377,1.00891e+09
20.31,35,5.08913,72.3738,1.00872e+09
20.32,35,5.08925,72.3706,1.00854e+09
20.33,35,5.08937,72.3674,1.00836e+09
20.34,35,5.0895,72.3642,1.00818e+09
20.35,35,5.08962,72.361,1.008e+09
20.36,35,5.08974,72.3578,1.00781e+09
20.37,35,5.08987,72.3546,1.00763e+09
20.38,35,5.08999,72.3514,1.00745e+09
20.39,35,5.09011,72.3482,1.00727e+09
20.4,35,5.09023,72.3449,1.00709e+09
20.41,35,5.09035,72.3417,1.00691e+09
20.42,35,5.09048,72.3385,1.00673e+09
20.43,35,5.0906,72.3353,1.00655e+09
20.44,35,5.09072,72.3321,1.00637e+09
20.45,35,5.09084,72.3289,1.00619e+09
20.46,35,5.09096,72.3257,1.00601e+09
20.47,35,5.09108,72.3225,1.00583e+09
20.48,35,5.0912,72.3193,1.00565e+09
20.49,35,5.09132,72.3161,1.00547e+09
20.5,35,5.09144,72.3129,1.00529e+09
20.51,35,5.09156,72.3097,1.00511e+09
20.52,35,5.09168,72.3065,1.00493e+09
20.53,35,5.0918,72.3033,1.00475e+09
20.54,35,5.09191,72.3001,1.00458e+09
20.55,35,5.09203,72.2969,1.0044e+09
20.56,35,5.09215,72.2937,1.00422e+09
20.57,35,5.09227,72.2905,1.00404e+09
20.58,35,5.09239,72.2873,1.00386e+09
20.59,35,5.0925,72.2841,1.00369e+09
20.6,35,5.09262,72.2809,1.00351e+09
20.61,35,5.09274,72.2777,1.00333e+09
20.62,35,5.09285,72.2745,1.00316e+09
20.63,35,5.09297,72.2713,1.00298e+09
20.64,35,5.09309,72.2681,1.0028e+09
20.65,35,5.0932,72.2649,1.00263e+09
20.66,35,5.09332,72.2617,1.00245e+09
20.67,35,5.09343,72.2585,1.00228e+09
20.68,35,5.09355,72.2553,1.0021e+09
20.69,35,5.09366,72.2521,1.00192e+09
20.7,35,5.09378,72.2489,1.00175e+09
20.71,35,5.09389,72.2457,1.00157e+09
20.72,35,5.09401,72.2425,1.0014e+09
20.73,35,5.09412,72.2393,1.00122e+09
20.74,35,5.09423,72.2361,1.00105e+09
20.75,35,5.09435,72.2329,1.00088e+09
20.76,35,5.09446,72.2297,1.0007e+09
20.77,35,5.09457,72.2265,1.00053e+09
20.78,35,5.09468,72.2233,1.00035e+09
20.79,35,5.0948,72.2201,1.00018e+09
20.8,35,5.09491,72.2169,1.00001e+09
20.81,35,5.09502,72.2138,9.99834e+08
20.82,35,5.09513,72.2106,9.9966e+08
20.83,35,5.09524,72.2074,9.99488e+08
20.84,35,5.09535,72.2042,9.99315e+08
20.85,35,5.09547,72.201,9.99143e+08
20.86,35,5.09558,72.1978,9.9897e+08
20.87,35,5.09569,72.1946,9.98798e+08
20.88,35,5.0958,72.1914,9.98626e+08
20.89,35,5.09591,72.1882,9.98454e+08
20.9,35,5.09602,72.1851,9.98283e+08
20.91,35,5.09613,72.1819,9.98111e+08
20.92,35,5.09623,72.1787,9.9794e+08
20.93,35,5.09634,72.1755,9.97769e+08
20.94,35,5.09645,72.1723,9.97598e+08
20.95,35,5.09656,72.1691,9.97428e+08
20.96,35,5.09667,72.166,9.97257e+08
20.97,35,5.09678,72.1628,9.97087e+08
20.98,35,5.09688,72.1596,9.96917e+08
20.99,35,5.09699,72.1564,9.96747e+08
21,35,5.0971,72.1532,9.96577e+08
21.01,35,5.09721,72.15,9.96407e+08
21.02,35,5.09731,72.1469,9.96238e+08
21.03,35,5.09742,72.1437,9.96069e+08
21.04,35,5.09753,72.1405,9.959e+08
21.05,35,5.09763,72.1373,9.95731e+08
21.06,35,5.09774,72.1341,9.95562e+08
21.07,35,5.09784,72.131,9.95394e+08
21.08,35,5.09795,72.1278,9.95225e+08
21.09,35,5.09805,72.1246,9.95057e+08
21.1,35,5.09816,72.1214,9.94889e+08
21.11,35,5.09826,72.1183,9.94721e+08
21.12,35,5.09837,72.1151,9.94554e+08
21.13,35,5.09847,72.1119,9.94386e+08
21.14,35,5.09857,72.1087,9.94219e+08
21.15,35,5.09868,72.1056,9.94052e+08
21.16,35,5.09878,72.1024,9.93885e+08
21.17,35,5.09888,72.0992,9.93718e+08
21.18,35,5.09899,72.096,9.93551e+08
21.19,35,5.09909,72.0929,9.93385e+08
21.2,35,5.09919,72.0897,9.93219e+08
21.21,35,5.09929,72.0865,9.93052e+08
21.22,35,5.09939,72.0833,9.92886e+08
21.23,35,5.09949,72.0802,9.92721e+08
21.24,35,5.0996,72.077,9.92555e+08
21.25,35,5.0997,72.0738,9.9239e+08
21.26,35,5.0998,72.0707,9.92224e+08
21.27,35,5.0999,72.0675,9.92059e+08
21.28,35,5.1,72.0643,9.91895e+08
21.29,35,5.1001,72.0612,9.9173e+08
21.3,35,5.1002,72.058,9.91565e+08
21.31,35,5.1003,72.0548,9.91401e+08
21.32,35,5.1004,72.0517,9.91237e+08
21.33,35,5.1005,72.0485,9.91073e+08
21.34,35,5.10059,72.0453,9.90909e+08
21.35,35,5.10069,72.0422,9.90745e+08
21.36,35,5.10079,72.039,9.90581e+08
21.37,35,5.10089,72.0358,9.90418e+08
21.38,35,5.10099,72.0327,9.90255e+08
21.39,35,5.10108,72.0295,9.90092e+08
21.4,35,5.10118,72.0264,9.89929e+08
21.41,35,5.10128,72.0232,9.89766e+08
21.42,35,5.10137,72.02,9.89604e+08
21.43,35,5.10147,72.0169,9.89441e+08
21.44,35,5.10157,72.0137,9.89279e+08
21.45,35,5.10166,72.0106,9.89117e+08
21.46,35,5.10176,72.0074,9.88955e+08
21.47,35,5.10185,72.0042,9.88793e+08
21.48,35,5.10195,72.0011,9.88632e+08
21.49,35,5.10204,71.9979,9.88471e+08
21.5,35,5.10214,71.9948,9.88309e+08
21.51,35,5.10223,71.9916,9.88148e+08
21.52,35,5.10233,71.9885,9.87987e+08
21.53,35,5.10242,71.9853,9.87827e+08
21.54,35,5.10252,71.9822,9.87666e+08
21.55,35,5.10261,71.979,9.87506e+08
21.56,35,5.1027,71.9759,9.87346e+08
21.57,35,5.1028,71.9727,9.87185e+08
21.58,35,5.10289,71.9695,9.87026e+08
21.59,35,5.10298,71.9664,9.86866e+08
21.6,35,5.10307,71.9632,9.86706e+08
21.61,35,5.10317,71.9601,9.86547e+08
21.62,35,5.10326,71.9569,9.86388e+08
21.63,35,5.10335,71.9538,9.86228e+08
21.64,35,5.10344,71.9507,9.8607e+08
21.65,35,5.10353,71.9475,9.85911e+08
21.66,35,5.10362,71.9444,9.85752e+08
21.67,35,5.10371,71.9412,9.85594e+08
21.68,35,5.1038,71.9381,9.85435e+08
21.69,35,5.10389,71.9349,9.85277e+08
21.7,35,5.10398,71.9318,9.85119e+08
21.71,35,5.10407,71.9286,9.84962e+08
21.72,35,5.10416,71.9255,9.84804e+08
21.73,35,5.10425,71.9223,9.84646e+08
21.74,35,5.10434,71.9192,9.84489e+08
21.75,35,5.10443,71.9161,9.84332e+08
21.76,35,5.10451,71.9129,9.84175e+08
21.77,35,5.1046,71.9098,9.84018e+08
21.78,35,5.10469,71.9066,9.83861e+08
21.79,35,5.10478,71.9035,9.83705e+08
21.8,35,5.10487,71.9004,9.83548e+08
21.81,35,5.10495,71.8972,9.83392e+08
21.82,35,5.10504,71.8941,9.83236e+08
21.83,35,5.10513,71.8909,9.8308e+08
21.84,35,5.10521,71.8878,9.82924e+08
21.85,35,5.1053,71.8847,9.82769e+08
21.86,35,5.10538,71.8815,9.82613e+08
21.87,35,5.10547,71.8784,9.82458e+08
21.88,35,5.10555,71.8753,9.82303e+08
21.89,35,5.10564,71.8721,9.82148e+08
21.9,35,5.10572,71.869,9.81993e+08
21.91,35,5.10581,71.8659,9.81838e+08
21.92,35,5.10589,71.8627,9.81684e+08
21.93,35,5.10598,71.8596,9.8153e+08
21.94,35,5.10606,71.8565,9.81375e+08
21.95,35,5.10614,71.8534,9.81221e+08
21.96,35,5.10623,71.8502,9.81067e+08
21.97,35,5.10631,71.8471,9.80914e+08
21.98,35,5.10639,71.844,9.8076e+08
21.99,35,5.10648,71.8408,9.80607e+08
22,35,5.10656,71.8377,9.80453e+08
22.01,35,5.10664,71.8346,9.803e+08
22.02,35,5.10672,71.8315,9.80147e+08
22.03,35,5.1068,71.8283,9.79994e+08
22.04,35,5.10688,71.8252,9.79842e+08
22.05,35,5.10697,71.8221,9.79689e+08
22.06,35,5.10705,71.819,9.79537e+08
22.07,35,5.10713,71.8158,9.79385e+08
22.08,35,5.10721,71.8127,9.79233e+08
22.09,35,5.10729,71.8096,9.79081e+08
22.1,35,5.10737,71.8065,9.78929e+08
22.11,35,5.10745,71.8034,9.78777e+08
22.12,35,5.10753,71.8002,9.78626e+08
22.13,35,5.1076,71.7971,9.78475e+08
22.14,35,5.10768,71.794,9.78323e+08
22.15,35,5.10776,71.7909,9.78172e+08
22.16,35,5.10784,71.7878,9.78021e+08
22.17,35,5.10792,71.7847,9.77871e+08
22.18,35,5.108,71.7815,9.7772e+08
22.19,35,5.10807,71.7784,9.7757e+08
22.2,35,5.10815,71.7753,9.77419e+08
22.21,35,5.10823,71.7722,9.77269e+08
22.22,35,5.1083,71.7691,9.77119e+08
22.23,35,5.10838,71.766,9.7697e+08
22.24,35,5.10846,71.7629,9.7682e+08
22.25,35,5.10853,71.7598,9.7667e+08
22.26,35,5.10861,71.7566,9.76521e+08
22.27,35,5.10869,71.7535,9.76372e+08
22.28,35,5.10876,71.7504,9.76223e+08
22.29,35,5.10884,71.7473,9.76074e+08
22.3,35,5.10891,71.7442,9.75925e+08
22.31,35,5.10898,71.7411,9.75776e+08
22.32,35,5.10906,71.738,9.75628e+08
22.33,35,5.10913,71.7349,9.75479e+08
22.34,35,5.10921,71.7318,9.75331e+08
22.35,35,5.10928,71.7287,9.75183e+08
22.36,35,5.10935,71.7256,9.75035e+08
22.37,35,5.10943,71.7225,9.74887e+08
22.38,35,5.1095,71.7194,9.7474e+08
22.39,35,5.10957,71.7163,9.74592e+08
22.4,35,5.10964,71.7132,9.74445e+08
22.41,35,5.10972,71.7101,9.74298e+08
22.42,35,5.10979,71.707,9.7415e+08
22.43,35,5.10986,71.7039,9.74004e+08
22.44,35,5.10993,71.7008,9.73857e+08
22.45,35,5.11,71.6977,9.7371e+08
22.46,35,5.11007,71.6946,9.73564e+08
22.47,35,5.11014,71.6915,9.73417e+08
22.48,35,5.11021,71.6884,9.73271e+08
22.49,35,5.11028,71.6853,9.73125e+08
22.5,35,5.11035,71.6822,9.72979e+08
22.51,35,5.11042,71.6791,9.72833e+08
22.52,35,5.11049,71.676,9.72688e+08
22.53,35,5.11056,71.6729,9.72542e+08
22.54,35,5.11063,71.6698,9.72397e+08
22.55,35,5.1107,71.6667,9.72252e+08
22.56,35,5.11077,71.6637,9.72106e+08
22.57,35,5.11083,71.6606,9.71962e+08
22.58,35,5.1109,71.6575,9.71817e+08
22.59,35,5.11097,71.6544,9.71672e+08
22.6,35,5.11104,71.6513,9.71528e+08
22.61,35,5.1111,71.6482,9.71383e+08
22.62,35,5.11117,71.6451,9.71239e+08
22.63,35,5.11124,71.6421,9.71095e+08
22.64,35,5.1113,71.639,9.70951e+08
22.65,35,5.11137,71.6359,9.70807e+08
22.66,35,5.11144,71.6328,9.70663e+08
22.67,35,5.1115,71.6297,9.7052e+08
22.68,35,5.11157,71.6266,9.70376e+08
22.69,35,5.11163,71.6236,9.70233e+08
22.7,35,5.1117,71.6205,9.7009e+08
22.71,35,5.11176,71.6174,9.69947e+08
22.72,35,5.11183,71.6143,9.69804e+08
22.73,35,5.11189,71.6112,9.69661e+08
22.74,35,5.11195,71.6082,9.69519e+08
22.75,35,5.11202,71.6051,9.69376e+08
22.76,35,5.11208,71.602,9.69234e+08
22.77,35,5.11214,71.5989,9.69092e+08
22.78,35,5.11221,71.5959,9.6895e+08
22.79,35,5.11227,71.5928,9.68808e+08
22.8,35,5.11233,71.5897,9.68666e+08
22.81,35,5.11239,71.5866,9.68524e+08
22.82,35,5.11245,71.5836,9.68383e+08
22.83,35,5.11252,71.5805,9.68242e+08
22.84,35,5.11258,71.5774,9.681e+08
22.85,35,5.11264,71.5744,9.67959e+08
22.86,35,5.1127,71.5713,9.67818e+08
22.87,35,5.11276,71.5682,9.67677e+08
22.88,35,5.11282,71.5652,9.67537e+08
22.89,35,5.11288,71.5621,9.67396e+08
22.9,35,5.11294,71.559,9.67256e+08
22.91,35,5.113,71.556,9.67115e+08
22.92,35,5.11306,71.5529,9.66975e+08
22.93,35,5.11312,71.5498,9.66835e+08
22.94,35,5.11318,71.5468,9.66695e+08
22.95,35,5.11323,71.5437,9.66556e+08
22.96,35,5.11329,71.5407,9.66416e+08
22.97,35,5.11335,71.5376,9.66276e+08
22.98,35,5.11341,71.5345,9.66137e+08
22.99,35,5.11347,71.5315,9.65998e+08
23,35,5.11352,71.5284,9.65859e+08
23.01,35,5.11358,71.5254,9.6572e+08
23.02,35,5.11364,71.5223,9.65581e+08
23.03,35,5.11369,71.5193,9.65442e+08
23.04,35,5.11375,71.5162,9.65304e+08
23.05,35,5.11381,71.5131,9.65165e+08
23.06,35,5.11386,71.5101,9.65027e+08
23.07,35,5.11392,71.507,9.64889e+08
23.08,35,5.11397,71.504,9.64751e+08
23.09,35,5.11403,71.5009,9.64613e+08
23.1,35,5.11408,71.4979,9.64475e+08
23.11,35,5.11414,71.4948,9.64337e+08
23.12,35,5.11419,71.4918,9.642e+08
23.13,35,5.11425,71.4887,9.64062e+08
23.14,35,5.1143,71.4857,9.63925e+08
23.15,35,5.11435,71.4827,9.63788e+08
23.16,35,5.11441,71.4796,9.63651e+08
23.17,35,5.11446,71.4766,9.63514e+08
23.18,35,5.11451,71.4735,9.63377e+08
23.19,35,5.11456,71.4705,9.6324e+08
23.2,35,5.11462,71.4674,9.63104e+08
23.21,35,5.11467,71.4644,9.62967e+08
23.22,35,5.11472,71.4614,9.62831e+08
23.23,35,5.11477,71.4583,9.62695e+08
23.24,35,5.11482,71.4553,9.62559e+08
23.25,35,5.11487,71.4522,9.62423e+08
23.26,35,5.11492,71.4492,9.62287e+08
23.27,35,5.11498,71.4462,9.62152e+08
23.28,35,5.11503,71.4431,9.62016e+08
23.29,35,5.11508,71.4401,9.61881e+08
23.3,35,5.11513,71.4371,9.61746e+08
23.31,35,5.11517,71.434,9.61611e+08
23.32,35,5.11522,71.431,9.61476e+08
23.33,35,5.11527,71.428,9.61341e+08
23.34,35,5.11532,71.4249,9.61206e+08
23.35,35,5.11537,71.4219,9.61071e+08
23.36,35,5.11542,71.4189,9.60937e+08
23.37,35,5.11547,71.4158,9.60802e+08
23.38,35,5.11551,71.4128,9.60668e+08
23.39,35,5.11556,71.4098,9.60534e+08
23.4,35,5.11561,71.4068,9.604e+08
23.41,35,5.11566,71.4037,9.60266e+08
23.42,35,5.1157,71.4007,9.60132e+08
23.43,35,5.11575,71.3977,9.59999e+08
23.44,35,5.1158,71.3947,9.59865e+08
23.45,35,5.11584,71.3916,9.59732e+08
23.46,35,5.11589,71.3886,9.59599e+08
23.47,35,5.11593,71.3856,9.59466e+08
23.48,35,5.11598,71.3826,9.59333e+08
23.49,35,5.11602,71.3796,9.592e+08
23.5,35,5.11607,71.3765,9.59067e+08
23.51,35,5.11611,71.3735,9.58934e+08
23.52,35,5.11616,71.3705,9.58802e+08
23.53,35,5.1162,71.3675,9.58669e+08
23.54,35,5.11624,71.3645,9.58537e+08
23.55,35,5.11629,71.3615,9.58405e+08
23.56,35,5.11633,71.3585,9.58273e+08
23.57,35,5.11637,71.3554,9.58141e+08
23.58,35,5.11642,71.3524,9.58009e+08
23.59,35,5.11646,71.3494,9.57877e+08
23.6,35,5.1165,71.3464,9.57746e+08
23.61,35,5.11654,71.3434,9.57614e+08
23.62,35,5.11658,71.3404,9.57483e+08
23.63,35,5.11663,71.3374,9.57352e+08
23.64,35,5.11667,71.3344,9.57221e+08
23.65,35,5.11671,71.3314,9.5709e+08
23.66,35,5.11675,71.3284,9.56959e+08
23.67,35,5.11679,71.3254,9.56828e+08
23.68,35,5.11683,71.3224,9.56698e+08
23.69,35,5.11687,71.3194,9.56567e+08
23.7,35,5.11691,71.3164,9.56437e+08
23.71,35,5.11695,71.3134,9.56307e+08
23.72,35,5.11699,71.3104,9.56177e+08
23.73,35,5.11703,71.3074,9.56047e+08
23.74,35,5.11707,71.3044,9.55917e+08
23.75,35,5.1171,71.3014,9.55787e+08
23.76,35,5.11714,71.2984,9.55657e+08
23.77,35,5.11718,71.2954,9.55528e+08
23.78,35,5.11722,71.2924,9.55398e+08
23.79,35,5.11726,71.2894,9.55269e+08
23.8,35,5.11729,71.2864,9.5514e+08
23.81,35,5.11733,71.2834,9.55011e+08
23.82,35,5.11737,71.2804,9.54882e+08
23.83,35,5.1174,71.2774,9.54753e+08
23.84,35,5.11744,71.2744,9.54624e+08
23.85,35,5.11748,71.2714,9.54496e+08
23.86,35,5.11751,71.2685,9.54367e+08
23.87,35,5.11755,71.2655,9.54239e+08
23.88,35,5.11758,71.2625,9.54111e+08
23.89,35,5.11762,71.2595,9.53982e+08
23.9,35,5.11765,71.2565,9.53854e+08
23.91,35,5.11769,71.2535,9.53726e+08
23.92,35,5.11772,71.2506,9.53599e+08
23.93,35,5.11775,71.2476,9.53471e+08
23.94,35,5.11779,71.2446,9.53343e+08
23.95,35,5.11782,71.2416,9.53216e+08
23.96,35,5.11785,71.2386,9.53089e+08
23.97,35,5.11789,71.2357,9.52961e+08
23.98,35,5.11792,71.2327,9.52834e+08
23.99,35,5.11795,71.2297,9.52707e+08
24,35,5.11798,71.2267,9.5258e+08
24.01,35,5.11802,71.2238,9.52454e+08
24.02,35,5.11805,71.2208,9.52327e+08
24.03,35,5.11808,71.2178,9.522e+08
24.04,35,5.11811,71.2148,9.52074e+08
24.05,35,5.11814,71.2119,9.51948e+08
24.06,35,5.11817,71.2089,9.51822e+08
24.07,35,5.1182,71.2059,9.51695e+08
24.08,35,5.11823,71.203,9.51569e+08
24.09,35,5.11826,71.2,9.51444e+08
24.1,35,5.11829,71.197,9.51318e+08
24.11,35,5.11832,71.1941,9.51192e+08
24.12,35,5.11835,71.1911,9.51067e+08
24.13,35,5.11838,71.1881,9.50941e+08
24.14,35,5.11841,71.1852,9.50816e+08
24.15,35,5.11844,71.1822,9.50691e+08
24.16,35,5.11847,71.1793,9.50566e+08
24.17,35,5.11849,71.1763,9.50441e+08
24.18,35,5.11852,71.1733,9.50316e+08
24.19,35,5.11855,71.1704,9.50191e+08
24.2,35,5.11858,71.1674,9.50067e+08
24.21,35,5.1186,71.1645,9.49942e+08
24.22,35,5.11863,71.1615,9.49818e+08
24.23,35,5.11866,71.1586,9.49693e+08
24.24,35,5.11868,71.1556,9.49569e+08
24.25,35,5.11871,71.1526,9.49445e+08
24.26,35,5.11873,71.1497,9.49321e+08
24.27,35,5.11876,71.1467,9.49197e+08
24.28,35,5.11878,71.1438,9.49073e+08
24.29,35,5.11881,71.1409,9.4895e+08
24.3,35,5.11883,71.1379,9.48826e+08
24.31,35,5.11886,71.135,9.48703e+08
24.32,35,5.11888,71.132,9.48579e+08
24.33,35,5.11891,71.1291,9.48456e+08
24.34,35,5.11893,71.1261,9.48333e+08
24.35,35,5.11895,71.1232,9.4821e+08
24.36,35,5.11898,71.1202,9.48087e+08
24.37,35,5.119,71.1173,9.47964e+08
24.38,35,5.11902,71.1144,9.47842e+08
24.39,35,5.11904,71.1114,9.47719e+08
24.4,35,5.11907,71.1085,9.47597e+08
24.41,35,5.11909,71.1055,9.47474e+08
24.42,35,5.11911,71.1026,9.47352e+08
24.43,35,5.11913,71.0997,9.4723e+08
24.44,35,5.11915,71.0967,9.47108e+08
24.45,35,5.11917,71.0938,9.46986e+08
24.46,35,5.11919,71.0909,9.46864e+08
24.47,35,5.11921,71.0879,9.46742e+08
24.48,35,5.11923,71.085,9.46621e+08
24.49,35,5.11925,71.0821,9.46499e+08
24.5,35,5.11927,71.0792,9.46378e+08
24.51,35,5.11929,71.0762,9.46257e+08
24.52,35,5.11931,71.0733,9.46136e+08
24.53,35,5.11933,71.0704,9.46014e+08
24.54,35,5.11935,71.0674,9.45893e+08
24.55,35,5.11937,71.0645,9.45773e+08
24.56,35,5.11939,71.0616,9.45652e+08
24.57,35,5.1194,71.0587,9.45531e+08
24.58,35,5.11942,71.0558,9.45411e+08
24.59,35,5.11944,71.0528,9.4529e+08
24.6,35,5.11946,71.0499,9.4517e+08
24.61,35,5.11947,71.047,9.4505e+08
24.62,35,5.11949,71.0441,9.44929e+08
24.63,35,5.11951,71.0412,9.44809e+08
24.64,35,5.11952,71.0383,9.44689e+08
24.65,35,5.11954,71.0353,9.4457e+08
24.66,35,5.11955,71.0324,9.4445e+08
24.67,35,5.11957,71.0295,9.4433e+08
24.68,35,5.11958,71.0266,9.44211e+08
24.69,35,5.1196,71.0237,9.44091e+08
24.7,35,5.11961,71.0208,9.43972e+08
24.71,35,5.11963,71.0179,9.43853e+08
24.72,35,5.11964,71.015,9.43734e+08
24.73,35,5.11966,71.0121,9.43615e+08
24.74,35,5.11967,71.0092,9.43496e+08
24.75,35,5.11968,71.0063,9.43377e+08
24.76,35,5.1197,71.0034,9.43258e+08
24.77,35,5.11971,71.0005,9.4314e+08
24.78,35,5.11972,70.9976,9.43021e+08
24.79,35,5.11973,70.9947,9.42903e+08
24.8,35,5.11975,70.9918,9.42785e+08
24.81,35,5.11976,70.9889,9.42666e+08
24.82,35,5.11977,70.986,9.42548e+08
24.83,35,5.11978,70.9831,9.4243e+08
24.84,35,5.11979,70.9802,9.42312e+08
24.85,35,5.1198,70.9773,9.42195e+08
24.86,35,5.11981,70.9744,9.42077e+08
24.87,35,5.11982,70.9715,9.41959e+08
24.88,35,5.11983,70.9686,9.41842e+08
24.89,35,5.11984,70.9657,9.41725e+08
24.9,35,5.11985,70.9628,9.41607e+08
24.91,35,5.11986,70.9599,9.4149e+08
24.92,35,5.11987,70.957,9.41373e+08
24.93,35,5.11988,70.9542,9.41256e+08
24.94,35,5.11989,70.9513,9.41139e+08
24.95,35,5.1199,70.9484,9.41022e+08
24.96,35,5.11991,70.9455,9.40906e+08
24.97,35,5.11991,70.9426,9.40789e+08
24.98,35,5.11992,70.9397,9.40673e+08
24.99,35,5.11993,70.9369,9.40556e+08
25,35,5.11994,70.934,9.4044e+08
25.01,35,5.11994,70.9311,9.40324e+08
25.02,35,5.11995,70.9282,9.40208e+08
25.03,35,5.11995,70.9254,9.40092e+08
25.04,35,5.11996,70.9225,9.39976e+08
25.05,35,5.11997,70.9196,9.3986e+08
25.06,35,5.11997,70.9167,9.39744e+08
25.07,35,5.11998,70.9139,9.39629e+08
25.08,35,5.11998,70.911,9.39513e+08
25.09,35,5.11999,70.9081,9.39398e+08
25.1,35,5.11999,70.9053,9.39282e+08
25.11,35,5.12,70.9024,9.39167e+08
25.12,35,5.12,70.8995,9.39052e+08
25.13,35,5.12,70.8967,9.38937e+08
25.14,35,5.12001,70.8938,9.38822e+08
25.15,35,5.12001,70.8909,9.38707e+08
25.16,35,5.12001,70.8881,9.38593e+08
25.17,35,5.12002,70.8852,9.38478e+08
25.18,35,5.12002,70.8824,9.38363e+08
25.19,35,5.12002,70.8795,9.38249e+08
25.2,35,5.12002,70.8766,9.38135e+08
25.21,35,5.12003,70.8738,9.3802e+08
25.22,35,5.12003,70.8709,9.37906e+08
25.23,35,5.12003,70.8681,9.37792e+08
25.24,35,5.12003,70.8652,9.37678e+08
25.25,35,5.12003,70.8624,9.37564e+08
25.26,35,5.12003,70.8595,9.37451e+08
25.27,35,5.12003,70.8567,9.37337e+08
25.28,35,5.12003,70.8538,9.37223e+08
25.29,35,5.12003,70.851,9.3711e+08
25.3,35,5.12003,70.8481,9.36996e+08
25.31,35,5.12003,70.8453,9.36883e+08
25.32,35,5.12003,70.8424,9.3677e+08
25.33,35,5.12003,70.8396,9.36657e+08
25.34,35,5.12003,70.8367,9.36544e+08
25.35,35,5.12002,70.8339,9.36431e+08
25.36,35,5.12002,70.8311,9.36318e+08
25.37,35,5.12002,70.8282,9.36205e+08
25.38,35,5.12002,70.8254,9.36093e+08
25.39,35,5.12001,70.8225,9.3598e+08
25.4,35,5.12001,70.8197,9.35868e+08
25.41,35,5.12001,70.8169,9.35755e+08
25.42,35,5.12,70.814,9.35643e+08
25.43,35,5.12,70.8112,9.35531e+08
25.44,35,5.12,70.8084,9.35419e+08
25.45,35,5.11999,70.8055,9.35307e+08
25.46,35,5.11999,70.8027,9.35195e+08
25.47,35,5.11998,70.7999,9.35083e+08
25.48,35,5.11998,70.7971,9.34971e+08
25.49,35,5.11997,70.7942,9.3486e+08
25.5,35,5.11997,70.7914,9.34748e+08
25.51,35,5.11996,70.7886,9.34637e+08
25.52,35,5.11996,70.7858,9.34526e+08
25.53,35,5.11995,70.7829,9.34414e+08
25.54,35,5.11994,70.7801,9.34303e+08
25.55,35,5.11994,70.7773,9.34192e+08
25.56,35,5.11993,70.7745,9.34081e+08
25.57,35,5.11992,70.7717,9.3397e+08
25.58,35,5.11991,70.7688,9.33859e+08
25.59,35,5.11991,70.766,9.33749e+08
25.6,35,5.1199,70.7632,9.33638e+08
25.61,35,5.11989,70.7604,9.33528e+08
25.62,35,5.11988,70.7576,9.33417e+08
25.63,35,5.11987,70.7548,9.33307e+08
25.64,35,5.11986,70.752,9.33196e+08
25.65,35,5.11986,70.7492,9.33086e+08
25.66,35,5.11985,70.7464,9.32976e+08
25.67,35,5.11984,70.7436,9.32866e+08
25.68,35,5.11983,70.7407,9.32756e+08
25.69,35,5.11982,70.7379,9.32647e+08
25.7,35,5.1198,70.7351,9.32537e+08
25.71,35,5.11979,70.7323,9.32427e+08
25.72,35,5.11978,70.7295,9.32318e+08
25.73,35,5.11977,70.7267,9.32208e+08
25.74,35,5.11976,70.7239,9.32099e+08
25.75,35,5.11975,70.7211,9.3199e+08
25.76,35,5.11974,70.7183,9.3188e+08
25.77,35,5.11972,70.7156,9.31771e+08
25.78,35,5.11971,70.7128,9.31662e+08
25.79,35,5.1197,70.71,9.31553e+08
25.8,35,5.11969,70.7072,9.31445e+08
25.81,35,5.11967,70.7044,9.31336e+08
25.82,35,5.11966,70.7016,9.31227e+08
25.83,35,5.11965,70.6988,9.31119e+08
25.84,35,5.11963,70.696,9.3101e+08
25.85,35,5.11962,70.6932,9.30902e+08
25.86,35,5.1196,70.6904,9.30794e+08
25.87,35,5.11959,70.6877,9.30685e+08
25.88,35,5.11957,70.6849,9.30577e+08
25.89,35,5.11956,70.6821,9.30469e+08
25.9,35,5.11954,70.6793,9.30361e+08
25.91,35,5.11953,70.6765,9.30253e+08
25.92,35,5.11951,70.6738,9.30146e+08
25.93,35,5.11949,70.671,9.30038e+08
25.94,35,5.11948,70.6682,9.2993e+08
25.95,35,5.11946,70.6654,9.29823e+08
25.96,35,5.11944,70.6627,9.29715e+08
25.97,35,5.11943,70.6599,9.29608e+08
25.98,35,5.11941,70.6571,9.29501e+08
25.99,35,5.11939,70.6544,9.29394e+08
26,35,5.11937,70.6516,9.29287e+08
26.01,35,5.11935,70.6488,9.2918e+08
26.02,35,5.11934,70.6461,9.29073e+08
26.03,35,5.11932,70.6433,9.28966e+08
26.04,35,5.1193,70.6405,9.28859e+08
26.05,35,5.11928,70.6378,9.28752e+08
26.06,35,5.11926,70.635,9.28646e+08
26.07,35,5.11924,70.6322,9.28539e+08
26.08,35,5.11922,70.6295,9.28433e+08
26.09,35,5.1192,70.6267,9.28327e+08
26.1,35,5.11918,70.624,9.2822e+08
26.11,35,5.11916,70.6212,9.28114e+08
26.12,35,5.11914,70.6185,9.28008e+08
26.13,35,5.11911,70.6157,9.27902e+08
26.14,35,5.11909,70.613,9.27796e+08
26.15,35,5.11907,70.6102,9.2769e+08
26.16,35,5.11905,70.6075,9.27585e+08
26.17,35,5.11903,70.6047,9.27479e+08
26.18,35,5.119,70.602,9.27374e+08
26.19,35,5.11898,70.5992,9.27268e+08
26.2,35,5.11896,70.5965,9.27163e+08
26.21,35,5.11893,70.5937,9.27057e+08
26.22,35,5.11891,70.591,9.26952e+08
26.23,35,5.11889,70.5882,9.26847e+08
26.24,35,5.11886,70.5855,9.26742e+08
26.25,35,5.11884,70.5828,9.26637e+08
26.26,35,5.11881,70.58,9.26532e+08
26.27,35,5.11879,70.5773,9.26427e+08
26.28,35,5.11876,70.5746,9.26323e+08
26.29,35,5.11874,70.5718,9.26218e+08
26.3,35,5.11871,70.5691,9.26113e+08
26.31,35,5.11869,70.5664,9.26009e+08
26.32,35,5.11866,70.5636,9.25905e+08
26.33,35,5.11863,70.5609,9.258e+08
26.34,35,5.11861,70.5582,9.25696e+08
26.35,35,5.11858,70.5554,9.25592e+08
26.36,35,5.11855,70.5527,9.25488e+08
26.37,35,5.11853,70.55,9.25384e+08
26.38,35,5.1185,70.5473,9.2528e+08
26.39,35,5.11847,70.5445,9.25176e+08
26.4,35,5.11844,70.5418,9.25072e+08
26.41,35,5.11841,70.5391,9.24969e+08
26.42,35,5.11839,70.5364,9.24865e+08
26.43,35,5.11836,70.5337,9.24762e+08
26.44,35,5.11833,70.531,9.24658e+08
26.45,35,5.1183,70.5282,9.24555e+08
26.46,35,5.11827,70.5255,9.24452e+08
26.47,35,5.11824,70.5228,9.24348e+08
26.48,35,5.11821,70.5201,9.24245e+08
26.49,35,5.11818,70.5174,9.24142e+08
26.5,35,5.11815,70.5147,9.24039e+08
26.51,35,5.11812,70.512,9.23937e+08
26.52,35,5.11809,70.5093,9.23834e+08
26.53,35,5.11805,70.5066,9.23731e+08
26.54,35,5.11802,70.5039,9.23629e+08
26.55,35,5.11799,70.5012,9.23526e+08
26.56,35,5.11796,70.4985,9.23424e+08
26.57,35,5.11793,70.4958,9.23321e+08
26.58,35,5.11789,70.4931,9.23219e+08
26.59,35,5.11786,70.4904,9.23117e+08
26.6,35,5.11783,70.4877,9.23015e+08
26.61,35,5.11779,70.485,9.22912e+08
26.62,35,5.11776,70.4823,9.22811e+08
26.63,35,5.11773,70.4796,9.22709e+08
26.64,35,5.11769,70.4769,9.22607e+08
26.65,35,5.11766,70.4742,9.22505e+08
26.66,35,5.11762,70.4715,9.22403e+08
26.67,35,5.11759,70.4688,9.22302e+08
26.68,35,5.11755,70.4662,9.222e+08
26.69,35,5.11752,70.4635,9.22099e+08
26.7,35,5.11748,70.4608,9.21998e+08
26.71,35,5.11745,70.4581,9.21896e+08
26.72,35,5.11741,70.4554,9.21795e+08
26.73,35,5.11737,70.4527,9.21694e+08
26.74,35,5.11734,70.4501,9.21593e+08
26.75,35,5.1173,70.4474,9.21492e+08
26.76,35,5.11726,70.4447,9.21391e+08
26.77,35,5.11723,70.442,9.2129e+08
26.78,35,5.11719,70.4394,9.2119e+08
26.79,35,5.11715,70.4367,9.21089e+08
26.8,35,5.11711,70.434,9.20988e+08
26.81,35,5.11707,70.4314,9.20888e+08
26.82,35,5.11704,70.4287,9.20788e+08
26.83,35,5.117,70.426,9.20687e+08
26.84,35,5.11696,70.4234,9.20587e+08
26.85,35,5.11692,70.4207,9.20487e+08
26.86,35,5.11688,70.418,9.20387e+08
26.87,35,5.11684,70.4154,9.20287e+08
26.88,35,5.1168,70.4127,9.20187e+08
26.89,35,5.11676,70.4101,9.20087e+08
26.9,35,5.11672,70.4074,9.19987e+08
26.91,35,5.11668,70.4047,9.19887e+08
26.92,35,5.11663,70.4021,9.19788e+08
26.93,35,5.11659,70.3994,9.19688e+08
26.94,35,5.11655,70.3968,9.19589e+08
26.95,35,5.11651,70.3941,9.19489e+08
26.96,35,5.11647,70.3915,9.1939e+08
26.97,35,5.11643,70.3888,9.19291e+08
26.98,35,5.11638,70.3862,9.19191e+08
26.99,35,5.11634,70.3835,9.19092e+08
27,35,5.1163,70.3809,9.18993e+08
27.01,35,5.11625,70.3783,9.18894e+08
27.02,35,5.11621,70.3756,9.18795e+08
27.03,35,5.11617,70.373,9.18696e+08
27.04,35,5.11612,70.3703,9.18598e+08
27.05,35,5.11608,70.3677,9.18499e+08
27.06,35,5.11603,70.3651,9.184e+08
27.07,35,5.11599,70.3624,9.18302e+08
27.08,35,5.11594,70.3598,9.18204e+08
27.09,35,5.1159,70.3572,9.18105e+08
27.1,35,5.11585,70.3545,9.18007e+08
27.11,35,5.1158,70.3519,9.17909e+08
27.12,35,5.11576,70.3493,9.17811e+08
27.13,35,5.11571,70.3466,9.17712e+08
27.14,35,5.11567,70.344,9.17614e+08
27.15,35,5.11562,70.3414,9.17517e+08
27.16,35,5.11557,70.3388,9.17419e+08
27.17,35,5.11552,70.3361,9.17321e+08
27.18,35,5.11548,70.3335,9.17223e+08
27.19,35,5.11543,70.3309,9.17126e+08
27.2,35,5.11538,70.3283,9.17028e+08
27.21,35,5.11533,70.3257,9.16931e+08
27.22,35,5.11528,70.3231,9.16833e+08
27.23,35,5.11523,70.3204,9.16736e+08
27.24,35,5.11518,70.3178,9.16639e+08
27.25,35,5.11514,70.3152,9.16541e+08
27.26,35,5.11509,70.3126,9.16444e+08
27.27,35,5.11504,70.31,9.16347e+08
27.28,35,5.11499,70.3074,9.1625e+08
27.29,35,5.11493,70.3048,9.16153e+08
27.3,35,5.11488,70.3022,9.16056e+08
27.31,35,5.11483,70.2996,9.1596e+08
27.32,35,5.11478,70.297,9.15863e+08
27.33,35,5.11473,70.2944,9.15766e+08
27.34,35,5.11468,70.2918,9.1567e+08
27.35,35,5.11463,70.2892,9.15573e+08
27.36,35,5.11457,70.2866,9.15477e+08
27.37,35,5.11452,70.284,9.15381e+08
27.38,35,5.11447,70.2814,9.15284e+08
27.39,35,5.11442,70.2788,9.15188e+08
27.4,35,5.11436,70.2762,9.15092e+08
27.41,35,5.11431,70.2736,9.14996e+08
27.42,35,5.11426,70.271,9.149e+08
27.43,35,5.1142,70.2684,9.14804e+08
27.44,35,5.11415,70.2659,9.14708e+08
27.45,35,5.11409,70.2633,9.14613e+08
27.46,35,5.11404,70.2607,9.14517e+08
27.47,35,5.11398,70.2581,9.14421e+08
27.48,35,5.11393,70.2555,9.14326e+08
27.49,35,5.11387,70.253,9.1423e+08
27.5,35,5.11382,70.2504,9.14135e+08
27.51,35,5.11376,70.2478,9.1404e+08
27.52,35,5.11371,70.2452,9.13944e+08
27.53,35,5.11365,70.2426,9.13849e+08
27.54,35,5.11359,70.2401,9.13754e+08
27.55,35,5.11354,70.2375,9.13659e+08
27.56,35,5.11348,70.2349,9.13564e+08
27.57,35,5.11342,70.2324,9.13469e+08
27.58,35,5.11336,70.2298,9.13374e+08
27.59,35,5.1133,70.2272,9.1328e+08
27.6,35,5.11325,70.2247,9.13185e+08
27.61,35,5.11319,70.2221,9.1309e+08
27.62,35,5.11313,70.2196,9.12996e+08
27.63,35,5.11307,70.217,9.12901e+08
27.64,35,5.11301,70.2144,9.12807e+08
27.65,35,5.11295,70.2119,9.12712e+08
27.66,35,5.11289,70.2093,9.12618e+08
27.67,35,5.11283,70.2068,9.12524e+08
27.68,35,5.11277,70.2042,9.1243e+08
27.69,35,5.11271,70.2017,9.12336e+08
27.7,35,5.11265,70.1991,9.12242e+08
27.71,35,5.11259,70.1966,9.12148e+08
27.72,35,5.11253,70.194,9.12054e+08
27.73,35,5.11247,70.1915,9.1196e+08
27.74,35,5.11241,70.1889,9.11866e+08
27.75,35,5.11234,70.1864,9.11773e+08
27.76,35,5.11228,70.1839,9.11679e+08
27.77,35,5.11222,70.1813,9.11586e+08
27.78,35,5.11216,70.1788,9.11492e+08
27.79,35,5.11209,70.1762,9.11399e+08
27.8,35,5.11203,70.1737,9.11305e+08
27.81,35,5.11197,70.1712,9.11212e+08
27.82,35,5.1119,70.1686,9.11119e+08
27.83,35,5.11184,70.1661,9.11026e+08
27.84,35,5.11177,70.1636,9.10933e+08
27.85,35,5.11171,70.161,9.1084e+08
27.86,35,5.11164,70.1585,9.10747e+08
27.87,35,5.11158,70.156,9.10654e+08
27.88,35,5.11151,70.1535,9.10561e+08
27.89,35,5.11145,70.1509,9.10469e+08
27.9,35,5.11138,70.1484,9.10376e+08
27.91,35,5.11132,70.1459,9.10283e+08
27.92,35,5.11125,70.1434,9.10191e+08
27.93,35,5.11118,70.1409,9.10099e+08
27.94,35,5.11112,70.1384,9.10006e+08
27.95,35,5.11105,70.1358,9.09914e+08
27.96,35,5.11098,70.1333,9.09822e+08
27.97,35,5.11092,70.1308,9.09729e+08
27.98,35,5.11085,70.1283,9.09637e+08
27.99,35,5.11078,70.1258,9.09545e+08
28,35,5.11071,70.1233,9.09453e+08
28.01,35,5.11064,70.1208,9.09361e+08
28.02,35,5.11058,70.1183,9.0927e+08
28.03,35,5.11051,70.1158,9.09178e+08
28.04,35,5.11044,70.1133,9.09086e+08
28.05,35,5.11037,70.1108,9.08994e+08
28.06,35,5.1103,70.1083,9.08903e+08
28.07,35,5.11023,70.1058,9.08811e+08
28.08,35,5.11016,70.1033,9.0872e+08
28.09,35,5.11009,70.1008,9.08628e+08
28.1,35,5.11002,70.0983,9.08537e+08
28.11,35,5.10995,70.0958,9.08446e+08
28.12,35,5.10987,70.0933,9.08355e+08
28.13,35,5.1098,70.0908,9.08264e+08
28.14,35,5.10973,70.0884,9.08173e+08
28.15,35,5.10966,70.0859,9.08082e+08
28.16,35,5.10959,70.0834,9.07991e+08
28.17,35,5.10951,70.0809,9.079e+08
28.18,35,5.10944,70.0784,9.07809e+08
28.19,35,5.10937,70.0759,9.07718e+08
28.2,35,5.1093,70.0735,9.07628e+08
28.21,35,5.10922,70.071,9.07537e+08
28.22,35,5.10915,70.0685,9.07446e+08
28.23,35,5.10907,70.066,9.07356e+08
28.24,35,5.109,70.0636,9.07266e+08
28.25,35,5.10893,70.0611,9.07175e+08
28.26,35,5.10885,70.0586,9.07085e+08
28.27,35,5.10878,70.0562,9.06995e+08
28.28,35,5.1087,70.0537,9.06905e+08
28.29,35,5.10862,70.0512,9.06815e+08
28.3,35,5.10855,70.0488,9.06724e+08
28.31,35,5.10847,70.0463,9.06635e+08
28.32,35,5.1084,70.0439,9.06545e+08
28.33,35,5.10832,70.0414,9.06455e+08
28.34,35,5.10824,70.0389,9.06365e+08
28.35,35,5.10817,70.0365,9.06275e+08
28.36,35,5.10809,70.034,9.06186e+08
28.37,35,5.10801,70.0316,9.06096e+08
28.38,35,5.10793,70.0291,9.06007e+08
28.39,35,5.10786,70.0267,9.05917e+08
28.4,35,5.10778,70.0242,9.05828e+08
28.41,35,5.1077,70.0218,9.05738e+08
28.42,35,5.10762,70.0193,9.05649e+08
28.43,35,5.10754,70.0169,9.0556e+08
28.44,35,5.10746,70.0145,9.05471e+08
28.45,35,5.10738,70.012,9.05382e+08
28.46,35,5.1073,70.0096,9.05293e+08
28.47,35,5.10722,70.0071,9.05204e+08
28.48,35,5.10714,70.0047,9.05115e+08
28.49,35,5.10706,70.0023,9.05026e+08
28.5,35,5.10698,69.9998,9.04937e+08
28.51,35,5.1069,69.9974,9.04849e+08
28.52,35,5.10682,69.995,9.0476e+08
28.53,35,5.10674,69.9926,9.04672e+08
28.54,35,5.10666,69.9901,9.04583e+08
28.55,35,5.10657,69.9877,9.04495e+08
28.56,35,5.10649,69.9853,9.04406e+08
28.57,35,5.10641,69.9829,9.04318e+08
28.58,35,5.10633,69.9804,9.0423e+08
28.59,35,5.10624,69.978,9.04141e+08
28.6,35,5.10616,69.9756,9.04053e+08
28.61,35,5.10608,69.9732,9.03965e+08
28.62,35,5.10599,69.9708,9.03877e+08
28.63,35,5.10591,69.9684,9.03789e+08
28.64,35,5.10583,69.9659,9.03701e+08
28.65,35,5.10574,69.9635,9.03614e+08
28.66,35,5.10566,69.9611,9.03526e+08
28.67,35,5.10557,69.9587,9.03438e+08
28.68,35,5.10549,69.9563,9.0335e+08
28.69,35,5.1054,69.9539,9.03263e+08
28.7,35,5.10532,69.9515,9.03175e+08
28.71,35,5.10523,69.9491,9.03088e+08
28.72,35,5.10514,69.9467,9.03e+08
28.73,35,5.10506,69.9443,9.02913e+08
28.74,35,5.10497,69.9419,9.02826e+08
28.75,35,5.10488,69.9395,9.02739e+08
28.76,35,5.1048,69.9371,9.02651e+08
28.77,35,5.10471,69.9347,9.02564e+08
28.78,35,5.10462,69.9324,9.02477e+08
28.79,35,5.10453,69.93,9.0239e+08
28.8,35,5.10444,69.9276,9.02303e+08
28.81,35,5.10436,69.9252,9.02217e+08
28.82,35,5.10427,69.9228,9.0213e+08
28.83,35,5.10418,69.9204,9.02043e+08
28.84,35,5.10409,69.918,9.01956e+08
28.85,35,5.104,69.9157,9.0187e+08
28.86,35,5.10391,69.9133,9.01783e+08
28.87,35,5.10382,69.9109,9.01697e+08
28.88,35,5.10373,69.9085,9.0161e+08
28.89,35,5.10364,69.9062,9.01524e+08
28.9,35,5.10355,69.9038,9.01438e+08
28.91,35,5.10346,69.9014,9.01351e+08
28.92,35,5.10337,69.8991,9.01265e+08
28.93,35,5.10328,69.8967,9.01179e+08
28.94,35,5.10318,69.8943,9.01093e+08
28.95,35,5.10309,69.892,9.01007e+08
28.96,35,5.103,69.8896,9.00921e+08
28.97,35,5.10291,69.8872,9.00835e+08
28.98,35,5.10281,69.8849,9.00749e+08
28.99,35,5.10272,69.8825,9.00663e+08
29,35,5.10263,69.8802,9.00578e+08
29.01,35,5.10253,69.8778,9.00492e+08
29.02,35,5.10244,69.8755,9.00406e+08
29.03,35,5.10235,69.8731,9.00321e+08
29.04,35,5.10225,69.8708,9.00235e+08
29.05,35,5.10216,69.8684,9.0015e+08
29.06,35,5.10206,69.8661,9.00065e+08
29.07,35,5.10197,69.8637,8.99979e+08
29.08,35,5.10187,69.8614,8.99894e+08
29.09,35,5.10178,69.8591,8.99809e+08
29.1,35,5.10168,69.8567,8.99724e+08
29.11,35,5.10159,69.8544,8.99639e+08
29.12,35,5.10149,69.852,8.99554e+08
29.13,35,5.10139,69.8497,8.99469e+08
29.14,35,5.1013,69.8474,8.99384e+08
29.15,35,5.1012,69.845,8.99299e+08
29.16,35,5.1011,69.8427,8.99214e+08
29.17,35,5.10101,69.8404,8.99129e+08
29.18,35,5.10091,69.8381,8.99045e+08
29.19,35,5.10081,69.8357,8.9896e+08
29.2,35,5.10071,69.8334,8.98876e+08
29.21,35,5.10061,69.8311,8.98791e+08
29.22,35,5.10052,69.8288,8.98707e+08
29.23,35,5.10042,69.8265,8.98622e+08
29.24,35,5.10032,69.8241,8.98538e+08
29.25,35,5.10022,69.8218,8.98454e+08
29.26,35,5.10012,69.8195,8.98369e+08
29.27,35,5.10002,69.8172,8.98285e+08
29.28,35,5.09992,69.8149,8.98201e+08
29.29,35,5.09982,69.8126,8.98117e+08
29.3,35,5.09972,69.8103,8.98033e+08
29.31,35,5.09962,69.808,8.97949e+08
29.32,35,5.09952,69.8057,8.97865e+08
29.33,35,5.09941,69.8034,8.97782e+08
29.34,35,5.09931,69.8011,8.97698e+08
29.35,35,5.09921,69.7988,8.97614e+08
29.36,35,5.09911,69.7965,8.97531e+08
29.37,35,5.09901,69.7942,8.97447e+08
29.38,35,5.0989,69.7919,8.97363e+08
29.39,35,5.0988,69.7896,8.9728e+08
29.4,35,5.0987,69.7873,8.97197e+08
29.41,35,5.09859,69.785,8.97113e+08
29.42,35,5.09849,69.7827,8.9703e+08
29.43,35,5.09839,69.7804,8.96947e+08
29.44,35,5.09828,69.7782,8.96863e+08
29.45,35,5.09818,69.7759,8.9678e+08
29.46,35,5.09807,69.7736,8.96697e+08
29.47,35,5.09797,69.7713,8.96614e+08
29.48,35,5.09786,69.769,8.96531e+08
29.49,35,5.09776,69.7668,8.96448e+08
29.5,35,5.09765,69.7645,8.96365e+08
29.51,35,5.09755,69.7622,8.96283e+08
29.52,35,5.09744,69.7599,8.962e+08
29.53,35,5.09733,69.7577,8.96117e+08
29.54,35,5.09723,69.7554,8.96035e+08
29.55,35,5.09712,69.7531,8.95952e+08
29.56,35,5.09701,69.7509,8.9587e+08
29.57,35,5.09691,69.7486,8.95787e+08
29.58,35,5.0968,69.7463,8.95705e+08
29.59,35,5.09669,69.7441,8.95622e+08
29.6,35,5.09658,69.7418,8.9554e+08
29.61,35,5.09647,69.7396,8.95458e+08
29.62,35,5.09637,69.7373,8.95376e+08
29.63,35,5.09626,69.7351,8.95293e+08
29.64,35,5.09615,69.7328,8.95211e+08
29.65,35,5.09604,69.7306,8.95129e+08
29.66,35,5.09593,69.7283,8.95047e+08
29.67,35,5.09582,69.7261,8.94965e+08
29.68,35,5.09571,69.7238,8.94884e+08
29.69,35,5.0956,69.7216,8.94802e+08
29.7,35,5.09549,69.7194,8.9472e+08
29.71,35,5.09538,69.7171,8.94638e+08
29.72,35,5.09527,69.7149,8.94557e+08
29.73,35,5.09516,69.7126,8.94475e+08
29.74,35,5.09504,69.7104,8.94394e+08
29.75,35,5.09493,69.7082,8.94312e+08
29.76,35,5.09482,69.7059,8.94231e+08
29.77,35,5.09471,69.7037,8.94149e+08
29.78,35,5.09459,69.7015,8.94068e+08
29.79,35,5.09448,69.6993,8.93987e+08
29.8,35,5.09437,69.697,8.93906e+08
29.81,35,5.09426,69.6948,8.93824e+08
29.82,35,5.09414,69.6926,8.93743e+08
29.83,35,5.09403,69.6904,8.93662e+08
29.84,35,5.09391,69.6882,8.93581e+08
29.85,35,5.0938,69.6859,8.935e+08
29.86,35,5.09369,69.6837,8.9342e+08
29.87,35,5.09357,69.6815,8.93339e+08
29.88,35,5.09346,69.6793,8.93258e+08
29.89,35,5.09334,69.6771,8.93177e+08
29.9,35,5.09323,69.6749,8.93097e+08
29.91,35,5.09311,69.6727,8.93016e+08
29.92,35,5.09299,69.6705,8.92935e+08
29.93,35,5.09288,69.6683,8.92855e+08
29.94,35,5.09276,69.6661,8.92774e+08
29.95,35,5.09264,69.6639,8.92694e+08
29.96,35,5.09253,69.6617,8.92614e+08
29.97,35,5.09241,69.6595,8.92533e+08
29.98,35,5.09229,69.6573,8.92453e+08
29.99,35,5.09217,69.6551,8.92373e+08
30,35,5.09206,69.6529,8.92293e+08
